document_id,local_id,segment_id,annotation_id,surface,normalized,category,subtype,tei_element,evidence_status,certainty,start,end,note,source_url
co-ahrb-cab-001-d003,cab-001-003,cab-001-003_s001,cab-001-003_cab-001-003_s001_a001,3 de Septiembre de 1547,3 de Septiembre de 1547,date,calendar_date,date,explicit,high,0,23,,https://zasqua.org/co-ahrb-cab-001-d003/
co-ahrb-cab-001-d003,cab-001-003,cab-001-003_s002,cab-001-003_cab-001-003_s002_a001,Cabildo,Cabildo,institution,cabildo,orgName,explicit,high,8,15,,https://zasqua.org/co-ahrb-cab-001-d003/
co-ahrb-cab-001-d003,cab-001-003,cab-001-003_s002,cab-001-003_cab-001-003_s002_a002,Garcia Maldonado,Garcia Maldonado,person,historical_person,persName,explicit,high,41,57,,https://zasqua.org/co-ahrb-cab-001-d003/
co-ahrb-cab-001-d003,cab-001-003,cab-001-003_s002,cab-001-003_cab-001-003_s002_a003,Pedro Vazquez,Pedro Vazquez,person,historical_person,persName,explicit,high,60,73,,https://zasqua.org/co-ahrb-cab-001-d003/
co-ahrb-cab-001-d003,cab-001-003,cab-001-003_s002,cab-001-003_cab-001-003_s002_a004,Alcaldes Ordinarios,Alcaldes Ordinarios,role_or_office,office_or_procedural_role,rs,explicit,high,74,93,,https://zasqua.org/co-ahrb-cab-001-d003/
co-ahrb-cab-001-d003,cab-001-003,cab-001-003_s003,cab-001-003_cab-001-003_s003_a001,Juan de Horosco,Juan de Horosco,person,historical_person,persName,explicit,high,0,15,,https://zasqua.org/co-ahrb-cab-001-d003/
co-ahrb-cab-001-d003,cab-001-003,cab-001-003_s003,cab-001-003_cab-001-003_s003_a002,Miguel de Trujillo,Miguel de Trujillo,person,historical_person,persName,explicit,high,17,35,,https://zasqua.org/co-ahrb-cab-001-d003/
co-ahrb-cab-001-d003,cab-001-003,cab-001-003_s003,cab-001-003_cab-001-003_s003_a003,Hernando de Rojas,Hernando de Rojas,person,historical_person,persName,explicit,high,37,54,,https://zasqua.org/co-ahrb-cab-001-d003/
co-ahrb-cab-001-d003,cab-001-003,cab-001-003_s003,cab-001-003_cab-001-003_s003_a004,Regidores,Regidores,role_or_office,office_or_procedural_role,rs,explicit,high,55,64,,https://zasqua.org/co-ahrb-cab-001-d003/
co-ahrb-cab-001-d003,cab-001-003,cab-001-003_s003,cab-001-003_cab-001-003_s003_a005,real servicio,real servicio,historical_concept,real_service,term,explicit,high,99,112,,https://zasqua.org/co-ahrb-cab-001-d003/
co-ahrb-cab-001-d003,cab-001-003,cab-001-003_s004,cab-001-003_cab-001-003_s004_a001,Cabildo,Cabildo,institution,cabildo,orgName,explicit,high,8,15,,https://zasqua.org/co-ahrb-cab-001-d003/
co-ahrb-cab-001-d003,cab-001-003,cab-001-003_s004,cab-001-003_cab-001-003_s004_a002,Cabildo Justicia y Regimiento,Cabildo Justicia y Regimiento,institution,cabildo,orgName,explicit,high,55,84,,https://zasqua.org/co-ahrb-cab-001-d003/
co-ahrb-cab-001-d003,cab-001-003,cab-001-003_s004,cab-001-003_cab-001-003_s004_a003,carta,carta,normative_source,letter,rs,explicit,high,105,110,,https://zasqua.org/co-ahrb-cab-001-d003/
co-ahrb-cab-001-d003,cab-001-003,cab-001-003_s004,cab-001-003_cab-001-003_s004_a004,Gobernador,Gobernador,role_or_office,office_or_procedural_role,rs,explicit,high,132,142,,https://zasqua.org/co-ahrb-cab-001-d003/
co-ahrb-cab-001-d003,cab-001-003,cab-001-003_s004,cab-001-003_cab-001-003_s004_a005,indios,indios,historical_social_legal_category,colonial_legal_social_category,term,explicit,high,197,203,Categoría histórica del texto; no equivale automáticamente a una clase contemporánea de persona.,https://zasqua.org/co-ahrb-cab-001-d003/
co-ahrb-cab-001-d003,cab-001-003,cab-001-003_s004,cab-001-003_cab-001-003_s004_a006,repartimientos,repartimientos,legal_or_procedural_act,repartimiento,rs,explicit,high,211,225,,https://zasqua.org/co-ahrb-cab-001-d003/
co-ahrb-cab-001-d003,cab-001-003,cab-001-003_s005,cab-001-003_cab-001-003_s005_a001,acordó,acordó,legal_or_procedural_act,decision,rs,explicit,high,3,9,,https://zasqua.org/co-ahrb-cab-001-d003/
co-ahrb-cab-001-d003,cab-001-003,cab-001-003_s005,cab-001-003_cab-001-003_s005_a002,Hernan Suárez,Hernan Suárez,person,historical_person,persName,explicit,high,20,33,,https://zasqua.org/co-ahrb-cab-001-d003/
co-ahrb-cab-001-d003,cab-001-003,cab-001-003_s005,cab-001-003_cab-001-003_s005_a003,repartimientos,repartimientos,legal_or_procedural_act,repartimiento,rs,explicit,high,93,107,,https://zasqua.org/co-ahrb-cab-001-d003/
co-ahrb-cab-001-d003,cab-001-003,cab-001-003_s005,cab-001-003_cab-001-003_s005_a004,apelación,apelación,legal_or_procedural_act,appeal,rs,explicit,high,118,127,,https://zasqua.org/co-ahrb-cab-001-d003/
co-ahrb-cab-001-d003,cab-001-003,cab-001-003_s005,cab-001-003_cab-001-003_s005_a005,Real Audencia de Santafé,Real Audencia de Santafé,institution,audiencia,orgName,explicit,high,136,160,,https://zasqua.org/co-ahrb-cab-001-d003/
co-ahrb-cab-001-d003,cab-001-003,cab-001-003_s005,cab-001-003_cab-001-003_s005_a006,España,España,place,historical_place,placeName,explicit,high,177,183,,https://zasqua.org/co-ahrb-cab-001-d003/
co-ahrb-cab-001-d003,cab-001-003,cab-001-003_s006,cab-001-003_cab-001-003_s006_a001,carta,carta,normative_source,letter,rs,explicit,high,17,22,,https://zasqua.org/co-ahrb-cab-001-d003/
co-ahrb-cab-001-d003,cab-001-003,cab-001-003_s006,cab-001-003_cab-001-003_s006_a002,Cabildo de Santafé,Cabildo de Santafé,institution,cabildo,orgName,explicit,high,27,45,,https://zasqua.org/co-ahrb-cab-001-d003/
co-ahrb-cab-001-d003,cab-001-003,cab-001-003_s006,cab-001-003_cab-001-003_s006_a003,Licenciado Santiesteban,Licenciado Santiesteban,person,historical_person,persName,explicit,high,114,137,,https://zasqua.org/co-ahrb-cab-001-d003/
co-ahrb-cab-001-d003,cab-001-003,cab-001-003_s007,cab-001-003_cab-001-003_s007_a001,ordenó,ordenó,legal_or_procedural_act,order_event,rs,explicit,high,3,9,,https://zasqua.org/co-ahrb-cab-001-d003/
co-ahrb-cab-001-d003,cab-001-003,cab-001-003_s007,cab-001-003_cab-001-003_s007_a002,pregonar,pregonar,legal_or_procedural_act,proclamation,rs,explicit,high,10,18,,https://zasqua.org/co-ahrb-cab-001-d003/
