row,document,status,result_path,focus_node,evidence_xml_id,outcome,relation_xml_id,target,reason
2,cab-001-002,contextual_inference,leco:decidedBy,https://w3id.org/leco/data/co-ahrb-cab-001-d002/event_cab-001-002_cab-001-002_s005_a001,cab-001-002_s005,applied,review_0002_decidedBy,person_cab-001-002_cab-001-002_s004_a002,
3,cab-001-002,explicit_recoverable,(participant),https://w3id.org/leco/data/co-ahrb-cab-001-d002/event_cab-001-002_cab-001-002_s004_a003,cab-001-002_s004,applied,review_0003_hasParticipant,person_cab-001-002_cab-001-002_s004_a002,
4,cab-001-002,contextual_inference,leco:withinJurisdiction,https://w3id.org/leco/data/co-ahrb-cab-001-d002/event_cab-001-002_cab-001-002_s005_a003,cab-001-002_s005,deferred,,,recalcular tras recuperar autoridades; no crear jurisdicción redundante desde el CSV
5,cab-001-002,contextual_inference,leco:decidedBy,https://w3id.org/leco/data/co-ahrb-cab-001-d002/event_cab-001-002_cab-001-002_s005_a003,cab-001-002_s005,applied,review_0005_decidedBy,person_cab-001-002_cab-001-002_s004_a002,
6,cab-001-002,explicit_recoverable,leco:investigates,https://w3id.org/leco/data/co-ahrb-cab-001-d002/event_cab-001-002_cab-001-002_s005_a002,cab-001-002_s005,applied,review_0006_investigates,person_cab-001-002_cab-001-002_s004_a002,
7,cab-001-002,explicit_recoverable,leco:decidedBy,https://w3id.org/leco/data/co-ahrb-cab-001-d002/event_cab-001-002_cab-001-002_s003_a002,cab-001-002_s003,applied,review_0007_decidedBy,org_cab-001-002_cab-001-002_s001_a002,
8,cab-001-002,explicit_recoverable,(participant),https://w3id.org/leco/data/co-ahrb-cab-001-d002/event_cab-001-002_cab-001-002_s005_a003,cab-001-002_s005,pending,,,no se pudo resolver un participante único/nombrado sin análisis gramatical adicional
9,cab-001-002,contextual_inference,leco:withinJurisdiction,https://w3id.org/leco/data/co-ahrb-cab-001-d002/event_cab-001-002_cab-001-002_s003_a002,cab-001-002_s003,deferred,,,recalcular tras recuperar autoridades; no crear jurisdicción redundante desde el CSV
10,cab-001-002,needs_review,leco:appointsToOffice,https://w3id.org/leco/data/co-ahrb-cab-001-d002/event_cab-001-002_cab-001-002_s004_a006,cab-001-002_s004,not_applied_by_policy,,,review_status=needs_review
11,cab-001-002,contextual_inference,leco:withinJurisdiction,https://w3id.org/leco/data/co-ahrb-cab-001-d002/event_cab-001-002_cab-001-002_s005_a002,cab-001-002_s005,deferred,,,recalcular tras recuperar autoridades; no crear jurisdicción redundante desde el CSV
12,cab-001-002,needs_review,(participant),https://w3id.org/leco/data/co-ahrb-cab-001-d002/event_cab-001-002_cab-001-002_s004_a006,cab-001-002_s004,not_applied_by_policy,,,review_status=needs_review
13,cab-001-002,needs_review,leco:appointsPerson,https://w3id.org/leco/data/co-ahrb-cab-001-d002/event_cab-001-002_cab-001-002_s004_a006,cab-001-002_s004,not_applied_by_policy,,,review_status=needs_review
14,cab-001-002,contextual_inference,(participant),https://w3id.org/leco/data/co-ahrb-cab-001-d002/event_cab-001-002_cab-001-002_s003_a002,cab-001-002_s003,applied,review_0014_hasParticipant,person_cab-001-002_cab-001-002_s003_a003,
15,cab-001-002,keep_warning,leco:withinJurisdiction,https://w3id.org/leco/data/co-ahrb-cab-001-d002/event_cab-001-002_cab-001-002_s004_a003,cab-001-002_s004,not_applied_by_policy,,,review_status=keep_warning
16,cab-001-002,explicit_recoverable,(participant),https://w3id.org/leco/data/co-ahrb-cab-001-d002/event_cab-001-002_cab-001-002_s005_a002,cab-001-002_s005,pending,,,no se pudo resolver un participante único/nombrado sin análisis gramatical adicional
17,cab-001-002,contextual_inference,(participant),https://w3id.org/leco/data/co-ahrb-cab-001-d002/event_cab-001-002_cab-001-002_s005_a001,cab-001-002_s005,pending,,,no se pudo resolver un participante único/nombrado sin análisis gramatical adicional
18,cab-001-002,contextual_inference,leco:withinJurisdiction,https://w3id.org/leco/data/co-ahrb-cab-001-d002/event_cab-001-002_cab-001-002_s005_a001,cab-001-002_s005,deferred,,,recalcular tras recuperar autoridades; no crear jurisdicción redundante desde el CSV
19,cab-001-002,needs_review,leco:withinJurisdiction,https://w3id.org/leco/data/co-ahrb-cab-001-d002/event_cab-001-002_cab-001-002_s004_a006,cab-001-002_s004,not_applied_by_policy,,,review_status=needs_review
20,cab-001-002,contextual_inference,leco:sanctions,https://w3id.org/leco/data/co-ahrb-cab-001-d002/event_cab-001-002_cab-001-002_s003_a002,cab-001-002_s003,applied,review_0020_sanctions,person_cab-001-002_cab-001-002_s003_a003,
21,cab-001-003,explicit_recoverable,(participant),https://w3id.org/leco/data/co-ahrb-cab-001-d003/event_cab-001-003_cab-001-003_s004_a006,cab-001-003_s004,pending,,,no se pudo resolver un participante único/nombrado sin análisis gramatical adicional
22,cab-001-003,contextual_inference,leco:withinJurisdiction,https://w3id.org/leco/data/co-ahrb-cab-001-d003/event_cab-001-003_cab-001-003_s005_a004,cab-001-003_s005,deferred,,,recalcular tras recuperar autoridades; no crear jurisdicción redundante desde el CSV
23,cab-001-003,keep_warning,(participant),https://w3id.org/leco/data/co-ahrb-cab-001-d003/event_cab-001-003_cab-001-003_s007_a002,cab-001-003_s007,not_applied_by_policy,,,review_status=keep_warning
24,cab-001-003,contextual_inference,leco:withinJurisdiction,https://w3id.org/leco/data/co-ahrb-cab-001-d003/event_cab-001-003_cab-001-003_s005_a001,cab-001-003_s005,deferred,,,recalcular tras recuperar autoridades; no crear jurisdicción redundante desde el CSV
25,cab-001-003,needs_review,leco:withinJurisdiction,https://w3id.org/leco/data/co-ahrb-cab-001-d003/event_cab-001-003_cab-001-003_s004_a006,cab-001-003_s004,not_applied_by_policy,,,review_status=needs_review
26,cab-001-003,keep_warning,(participant),https://w3id.org/leco/data/co-ahrb-cab-001-d003/event_cab-001-003_cab-001-003_s007_a001,cab-001-003_s007,not_applied_by_policy,,,review_status=keep_warning
27,cab-001-003,keep_warning,leco:withinJurisdiction,https://w3id.org/leco/data/co-ahrb-cab-001-d003/event_cab-001-003_cab-001-003_s007_a001,cab-001-003_s007,not_applied_by_policy,,,review_status=keep_warning
28,cab-001-003,needs_review,leco:resultsInLegalArrangement,https://w3id.org/leco/data/co-ahrb-cab-001-d003/event_cab-001-003_cab-001-003_s004_a006,cab-001-003_s004,not_applied_by_policy,,,review_status=needs_review
29,cab-001-003,explicit_recoverable,(participant),https://w3id.org/leco/data/co-ahrb-cab-001-d003/event_cab-001-003_cab-001-003_s005_a003,cab-001-003_s005,applied,review_0029_hasParticipant,person_cab-001-003_cab-001-003_s005_a002,
30,cab-001-003,keep_warning,leco:withinJurisdiction,https://w3id.org/leco/data/co-ahrb-cab-001-d003/event_cab-001-003_cab-001-003_s007_a002,cab-001-003_s007,not_applied_by_policy,,,review_status=keep_warning
31,cab-001-003,contextual_inference,leco:conceptUseJurisdiction,https://w3id.org/leco/data/co-ahrb-cab-001-d003/concept_use_cab-001-003_cab-001-003_s003_a005,cab-001-003_s003,deferred,,,recalcular tras recuperar autoridades; no crear jurisdicción redundante desde el CSV
32,cab-001-003,needs_review,leco:resultsInLegalArrangement,https://w3id.org/leco/data/co-ahrb-cab-001-d003/event_cab-001-003_cab-001-003_s005_a003,cab-001-003_s005,not_applied_by_policy,,,review_status=needs_review
33,cab-001-003,contextual_inference,leco:withinJurisdiction,https://w3id.org/leco/data/co-ahrb-cab-001-d003/event_cab-001-003_cab-001-003_s005_a003,cab-001-003_s005,deferred,,,recalcular tras recuperar autoridades; no crear jurisdicción redundante desde el CSV
34,cab-001-003,contextual_inference,leco:decidedBy,https://w3id.org/leco/data/co-ahrb-cab-001-d003/event_cab-001-003_cab-001-003_s007_a001,cab-001-003_s007,pending,,,autoridad decisora no resoluble a una entidad única/nombrada sin conjetura adicional
35,cab-001-004,explicit_recoverable,leco:resultsInLegalArrangement,https://w3id.org/leco/data/co-ahrb-cab-001-d004/event_cab-001-004_cab-001-004_s008_a004,cab-001-004_s008,applied,review_0035_resultsInLegalArrangement,review_arrangement_0035,
36,cab-001-004,explicit_recoverable,(participant),https://w3id.org/leco/data/co-ahrb-cab-001-d004/event_cab-001-004_cab-001-004_s005_a004,cab-001-004_s005,pending,,,no se pudo resolver un participante único/nombrado sin análisis gramatical adicional
37,cab-001-004,contextual_inference,leco:withinJurisdiction,https://w3id.org/leco/data/co-ahrb-cab-001-d004/event_cab-001-004_cab-001-004_s005_a004,cab-001-004_s005,deferred,,,recalcular tras recuperar autoridades; no crear jurisdicción redundante desde el CSV
38,cab-001-004,explicit_recoverable,(participant),https://w3id.org/leco/data/co-ahrb-cab-001-d004/event_cab-001-004_cab-001-004_s010_a004,cab-001-004_s010,applied,review_0038_hasParticipant,person_cab-001-004_cab-001-004_s010_a002,
39,cab-001-004,explicit_recoverable,(participant),https://w3id.org/leco/data/co-ahrb-cab-001-d004/event_cab-001-004_cab-001-004_s010_a007,cab-001-004_s010,applied,review_0039_hasParticipant,person_cab-001-004_cab-001-004_s010_a002,
40,cab-001-004,contextual_inference,leco:withinJurisdiction,https://w3id.org/leco/data/co-ahrb-cab-001-d004/event_cab-001-004_cab-001-004_s008_a004,cab-001-004_s008,deferred,,,recalcular tras recuperar autoridades; no crear jurisdicción redundante desde el CSV
41,cab-001-004,explicit_recoverable,(participant),https://w3id.org/leco/data/co-ahrb-cab-001-d004/event_cab-001-004_cab-001-004_s003_a001,cab-001-004_s003,applied,review_0041_hasParticipant,person_cab-001-004_cab-001-004_s003_a002,
42,cab-001-004,contextual_inference,(participant),https://w3id.org/leco/data/co-ahrb-cab-001-d004/event_cab-001-004_cab-001-004_s002_a003,cab-001-004_s002,pending,,,no se pudo resolver un participante único/nombrado sin análisis gramatical adicional
43,cab-001-004,explicit_recoverable,(participant),https://w3id.org/leco/data/co-ahrb-cab-001-d004/event_cab-001-004_cab-001-004_s008_a004,cab-001-004_s008,pending,,,no se pudo resolver un participante único/nombrado sin análisis gramatical adicional
44,cab-001-004,explicit_recoverable,(participant),https://w3id.org/leco/data/co-ahrb-cab-001-d004/event_cab-001-004_cab-001-004_s007_a002,cab-001-004_s007,applied,review_0044_hasParticipant,person_cab-001-004_cab-001-004_s007_a003,
45,cab-001-004,contextual_inference,leco:withinJurisdiction,https://w3id.org/leco/data/co-ahrb-cab-001-d004/event_cab-001-004_cab-001-004_s010_a005,cab-001-004_s010,deferred,,,recalcular tras recuperar autoridades; no crear jurisdicción redundante desde el CSV
46,cab-001-004,explicit_recoverable,leco:createsRepresentation,https://w3id.org/leco/data/co-ahrb-cab-001-d004/event_cab-001-004_cab-001-004_s003_a001,cab-001-004_s003,deferred,,,requiere resolver principal(es)/representante(s) y revisar multiplicidad antes de crear RepresentationRelation
47,cab-001-004,keep_warning,leco:withinJurisdiction,https://w3id.org/leco/data/co-ahrb-cab-001-d004/event_cab-001-004_cab-001-004_s009_a003,cab-001-004_s009,not_applied_by_policy,,,review_status=keep_warning
48,cab-001-004,needs_review,leco:decidedBy,https://w3id.org/leco/data/co-ahrb-cab-001-d004/event_cab-001-004_cab-001-004_s002_a005,cab-001-004_s002,not_applied_by_policy,,,review_status=needs_review
49,cab-001-004,keep_warning,(participant),https://w3id.org/leco/data/co-ahrb-cab-001-d004/event_cab-001-004_cab-001-004_s008_a001,cab-001-004_s008,not_applied_by_policy,,,review_status=keep_warning
50,cab-001-004,needs_review,leco:withinJurisdiction,https://w3id.org/leco/data/co-ahrb-cab-001-d004/event_cab-001-004_cab-001-004_s002_a008,cab-001-004_s002,not_applied_by_policy,,,review_status=needs_review
51,cab-001-004,explicit_recoverable,leco:decidedBy,https://w3id.org/leco/data/co-ahrb-cab-001-d004/event_cab-001-004_cab-001-004_s005_a004,cab-001-004_s005,applied,review_0051_decidedBy,org_cab-001-004_cab-001-004_s002_a002,
52,cab-001-004,keep_warning,leco:withinJurisdiction,https://w3id.org/leco/data/co-ahrb-cab-001-d004/event_cab-001-004_cab-001-004_s003_a001,cab-001-004_s003,not_applied_by_policy,,,review_status=keep_warning
53,cab-001-004,explicit_recoverable,leco:appointsToOffice,https://w3id.org/leco/data/co-ahrb-cab-001-d004/event_cab-001-004_cab-001-004_s011_a003,cab-001-004_s011,applied,review_0053_appointsToOffice,review_office_0053,
54,cab-001-004,contextual_inference,leco:withinJurisdiction,https://w3id.org/leco/data/co-ahrb-cab-001-d004/event_cab-001-004_cab-001-004_s007_a004,cab-001-004_s007,deferred,,,recalcular tras recuperar autoridades; no crear jurisdicción redundante desde el CSV
55,cab-001-004,explicit_recoverable,(participant),https://w3id.org/leco/data/co-ahrb-cab-001-d004/event_cab-001-004_cab-001-004_s007_a004,cab-001-004_s007,applied,review_0055_hasParticipant,person_cab-001-004_cab-001-004_s007_a003,
56,cab-001-004,needs_review,leco:withinJurisdiction,https://w3id.org/leco/data/co-ahrb-cab-001-d004/event_cab-001-004_cab-001-004_s002_a005,cab-001-004_s002,not_applied_by_policy,,,review_status=needs_review
57,cab-001-004,contextual_inference,leco:withinJurisdiction,https://w3id.org/leco/data/co-ahrb-cab-001-d004/event_cab-001-004_cab-001-004_s010_a007,cab-001-004_s010,deferred,,,recalcular tras recuperar autoridades; no crear jurisdicción redundante desde el CSV
58,cab-001-004,contextual_inference,leco:withinJurisdiction,https://w3id.org/leco/data/co-ahrb-cab-001-d004/event_cab-001-004_cab-001-004_s011_a003,cab-001-004_s011,deferred,,,recalcular tras recuperar autoridades; no crear jurisdicción redundante desde el CSV
59,cab-001-004,needs_review,leco:resultsInLegalArrangement,https://w3id.org/leco/data/co-ahrb-cab-001-d004/event_cab-001-004_cab-001-004_s002_a008,cab-001-004_s002,not_applied_by_policy,,,review_status=needs_review
60,cab-001-004,contextual_inference,leco:withinJurisdiction,https://w3id.org/leco/data/co-ahrb-cab-001-d004/event_cab-001-004_cab-001-004_s010_a004,cab-001-004_s010,deferred,,,recalcular tras recuperar autoridades; no crear jurisdicción redundante desde el CSV
61,cab-001-004,contextual_inference,(participant),https://w3id.org/leco/data/co-ahrb-cab-001-d004/event_cab-001-004_cab-001-004_s002_a005,cab-001-004_s002,pending,,,no se pudo resolver un participante único/nombrado sin análisis gramatical adicional
62,cab-001-004,contextual_inference,leco:withinJurisdiction,https://w3id.org/leco/data/co-ahrb-cab-001-d004/event_cab-001-004_cab-001-004_s008_a001,cab-001-004_s008,deferred,,,recalcular tras recuperar autoridades; no crear jurisdicción redundante desde el CSV
63,cab-001-004,needs_review,leco:withinJurisdiction,https://w3id.org/leco/data/co-ahrb-cab-001-d004/event_cab-001-004_cab-001-004_s002_a003,cab-001-004_s002,not_applied_by_policy,,,review_status=needs_review
64,cab-001-004,explicit_recoverable,(participant),https://w3id.org/leco/data/co-ahrb-cab-001-d004/event_cab-001-004_cab-001-004_s009_a002,cab-001-004_s009,applied,review_0064_hasParticipant,person_cab-001-004_cab-001-004_s009_a001,
65,cab-001-004,keep_warning,leco:withinJurisdiction,https://w3id.org/leco/data/co-ahrb-cab-001-d004/event_cab-001-004_cab-001-004_s009_a002,cab-001-004_s009,not_applied_by_policy,,,review_status=keep_warning
66,cab-001-004,needs_review,(participant),https://w3id.org/leco/data/co-ahrb-cab-001-d004/event_cab-001-004_cab-001-004_s002_a008,cab-001-004_s002,not_applied_by_policy,,,review_status=needs_review
67,cab-001-004,contextual_inference,leco:withinJurisdiction,https://w3id.org/leco/data/co-ahrb-cab-001-d004/event_cab-001-004_cab-001-004_s007_a002,cab-001-004_s007,deferred,,,recalcular tras recuperar autoridades; no crear jurisdicción redundante desde el CSV
68,cab-001-006,contextual_inference,leco:resultsInLegalArrangement,https://w3id.org/leco/data/co-ahrb-cab-001-d006/event_cab-001-006_cab-001-006_s006_a001,cab-001-006_s006,applied,review_0068_resultsInLegalArrangement,review_arrangement_0068,
69,cab-001-006,contextual_inference,leco:withinJurisdiction,https://w3id.org/leco/data/co-ahrb-cab-001-d006/event_cab-001-006_cab-001-006_s002_a001,cab-001-006_s002,deferred,,,recalcular tras recuperar autoridades; no crear jurisdicción redundante desde el CSV
70,cab-001-006,contextual_inference,leco:withinJurisdiction,https://w3id.org/leco/data/co-ahrb-cab-001-d006/event_cab-001-006_cab-001-006_s005_a002,cab-001-006_s005,deferred,,,recalcular tras recuperar autoridades; no crear jurisdicción redundante desde el CSV
71,cab-001-006,explicit_recoverable,leco:sanctions,https://w3id.org/leco/data/co-ahrb-cab-001-d006/event_cab-001-006_cab-001-006_s005_a004,cab-001-006_s005,pending,,,objeto de sanctions no resoluble a una entidad única/nombrada
72,cab-001-006,keep_warning,leco:decidedBy,https://w3id.org/leco/data/co-ahrb-cab-001-d006/event_cab-001-006_cab-001-006_s005_a002,cab-001-006_s005,not_applied_by_policy,,,review_status=keep_warning
73,cab-001-006,explicit_recoverable,(participant),https://w3id.org/leco/data/co-ahrb-cab-001-d006/event_cab-001-006_cab-001-006_s006_a001,cab-001-006_s006,pending,,,no se pudo resolver un participante único/nombrado sin análisis gramatical adicional
74,cab-001-006,explicit_recoverable,(participant),https://w3id.org/leco/data/co-ahrb-cab-001-d006/event_cab-001-006_cab-001-006_s005_a004,cab-001-006_s005,pending,,,no se pudo resolver un participante único/nombrado sin análisis gramatical adicional
75,cab-001-006,keep_warning,leco:appointsPerson,https://w3id.org/leco/data/co-ahrb-cab-001-d006/event_cab-001-006_cab-001-006_s002_a001,cab-001-006_s002,not_applied_by_policy,,,review_status=keep_warning
76,cab-001-006,needs_review,(participant),https://w3id.org/leco/data/co-ahrb-cab-001-d006/event_cab-001-006_cab-001-006_s004_a004,cab-001-006_s004,not_applied_by_policy,,,review_status=needs_review
77,cab-001-006,contextual_inference,leco:withinJurisdiction,https://w3id.org/leco/data/co-ahrb-cab-001-d006/event_cab-001-006_cab-001-006_s004_a004,cab-001-006_s004,deferred,,,recalcular tras recuperar autoridades; no crear jurisdicción redundante desde el CSV
78,cab-001-006,needs_review,leco:sanctions,https://w3id.org/leco/data/co-ahrb-cab-001-d006/event_cab-001-006_cab-001-006_s004_a004,cab-001-006_s004,not_applied_by_policy,,,review_status=needs_review
79,cab-001-006,contextual_inference,leco:withinJurisdiction,https://w3id.org/leco/data/co-ahrb-cab-001-d006/event_cab-001-006_cab-001-006_s006_a001,cab-001-006_s006,deferred,,,recalcular tras recuperar autoridades; no crear jurisdicción redundante desde el CSV
80,cab-001-006,explicit_recoverable,(participant),https://w3id.org/leco/data/co-ahrb-cab-001-d006/event_cab-001-006_cab-001-006_s005_a002,cab-001-006_s005,pending,,,no se pudo resolver un participante único/nombrado sin análisis gramatical adicional
81,cab-001-006,keep_warning,leco:decidedBy,https://w3id.org/leco/data/co-ahrb-cab-001-d006/event_cab-001-006_cab-001-006_s005_a004,cab-001-006_s005,not_applied_by_policy,,,review_status=keep_warning
82,cab-001-006,keep_warning,(participant),https://w3id.org/leco/data/co-ahrb-cab-001-d006/event_cab-001-006_cab-001-006_s002_a001,cab-001-006_s002,not_applied_by_policy,,,review_status=keep_warning
83,cab-001-006,contextual_inference,leco:conceptUseTime,https://w3id.org/leco/data/co-ahrb-cab-001-d006/concept_use_cab-001-006_cab-001-006_s005_a001,cab-001-006_s005,pending,,,no se pudo heredar una fecha documental fiable
84,cab-001-006,keep_warning,leco:decidedBy,https://w3id.org/leco/data/co-ahrb-cab-001-d006/event_cab-001-006_cab-001-006_s004_a004,cab-001-006_s004,not_applied_by_policy,,,review_status=keep_warning
85,cab-001-006,contextual_inference,leco:withinJurisdiction,https://w3id.org/leco/data/co-ahrb-cab-001-d006/event_cab-001-006_cab-001-006_s005_a004,cab-001-006_s005,deferred,,,recalcular tras recuperar autoridades; no crear jurisdicción redundante desde el CSV
86,cab-001-006,explicit_recoverable,leco:appointsToOffice,https://w3id.org/leco/data/co-ahrb-cab-001-d006/event_cab-001-006_cab-001-006_s002_a001,cab-001-006_s002,pending,,,mención de oficio no resoluble en el segmento
87,cab-001-006,contextual_inference,leco:conceptUseTime,https://w3id.org/leco/data/co-ahrb-cab-001-d006/concept_use_cab-001-006_cab-001-006_s003_a001,cab-001-006_s003,pending,,,no se pudo heredar una fecha documental fiable
88,cab-001-006,explicit_recoverable,leco:sanctions,https://w3id.org/leco/data/co-ahrb-cab-001-d006/event_cab-001-006_cab-001-006_s005_a002,cab-001-006_s005,pending,,,objeto de sanctions no resoluble a una entidad única/nombrada
89,cab-001-007,contextual_inference,(participant),https://w3id.org/leco/data/co-ahrb-cab-001-d007/event_cab-001-007_cab-001-007_s002_a002,cab-001-007_s002,pending,,,no se pudo resolver un participante único/nombrado sin análisis gramatical adicional
90,cab-001-007,contextual_inference,(participant),https://w3id.org/leco/data/co-ahrb-cab-001-d007/event_cab-001-007_cab-001-007_s002_a001,cab-001-007_s002,pending,,,no se pudo resolver un participante único/nombrado sin análisis gramatical adicional
91,cab-001-007,keep_warning,leco:appealsAgainst,https://w3id.org/leco/data/co-ahrb-cab-001-d007/event_cab-001-007_cab-001-007_s002_a002,cab-001-007_s002,not_applied_by_policy,,,review_status=keep_warning
92,cab-001-007,contextual_inference,leco:withinJurisdiction,https://w3id.org/leco/data/co-ahrb-cab-001-d007/event_cab-001-007_cab-001-007_s003_a002,cab-001-007_s003,deferred,,,recalcular tras recuperar autoridades; no crear jurisdicción redundante desde el CSV
93,cab-001-007,explicit_recoverable,(participant),https://w3id.org/leco/data/co-ahrb-cab-001-d007/event_cab-001-007_cab-001-007_s001_a003,cab-001-007_s001,applied,review_0093_hasParticipant,person_cab-001-007_cab-001-007_s001_a005,
94,cab-001-007,contextual_inference,leco:withinJurisdiction,https://w3id.org/leco/data/co-ahrb-cab-001-d007/event_cab-001-007_cab-001-007_s003_a005,cab-001-007_s003,deferred,,,recalcular tras recuperar autoridades; no crear jurisdicción redundante desde el CSV
95,cab-001-007,contextual_inference,leco:withinJurisdiction,https://w3id.org/leco/data/co-ahrb-cab-001-d007/event_cab-001-007_cab-001-007_s002_a002,cab-001-007_s002,deferred,,,recalcular tras recuperar autoridades; no crear jurisdicción redundante desde el CSV
96,cab-001-007,needs_review,leco:withinJurisdiction,https://w3id.org/leco/data/co-ahrb-cab-001-d007/event_cab-001-007_cab-001-007_s001_a003,cab-001-007_s001,not_applied_by_policy,,,review_status=needs_review
97,cab-001-007,explicit_recoverable,(participant),https://w3id.org/leco/data/co-ahrb-cab-001-d007/event_cab-001-007_cab-001-007_s003_a005,cab-001-007_s003,applied,review_0097_hasParticipant,org_cab-001-007_cab-001-007_s001_a001,
98,cab-001-007,explicit_recoverable,leco:createsRepresentation,https://w3id.org/leco/data/co-ahrb-cab-001-d007/event_cab-001-007_cab-001-007_s001_a003,cab-001-007_s001,deferred,,,requiere resolver principal(es)/representante(s) y revisar multiplicidad antes de crear RepresentationRelation
99,cab-001-007,explicit_recoverable,(participant),https://w3id.org/leco/data/co-ahrb-cab-001-d007/event_cab-001-007_cab-001-007_s003_a002,cab-001-007_s003,applied,review_0099_hasParticipant,org_cab-001-007_cab-001-007_s001_a001,
100,cab-001-007,explicit_recoverable,leco:createsRepresentation,https://w3id.org/leco/data/co-ahrb-cab-001-d007/event_cab-001-007_cab-001-007_s003_a005,cab-001-007_s003,deferred,,,requiere resolver principal(es)/representante(s) y revisar multiplicidad antes de crear RepresentationRelation
101,cab-001-007,contextual_inference,leco:withinJurisdiction,https://w3id.org/leco/data/co-ahrb-cab-001-d007/event_cab-001-007_cab-001-007_s002_a001,cab-001-007_s002,deferred,,,recalcular tras recuperar autoridades; no crear jurisdicción redundante desde el CSV
102,cab-001-007,keep_warning,leco:beforeAuthority,https://w3id.org/leco/data/co-ahrb-cab-001-d007/event_cab-001-007_cab-001-007_s002_a002,cab-001-007_s002,not_applied_by_policy,,,review_status=keep_warning
103,cab-001-008,explicit_recoverable,(participant),https://w3id.org/leco/data/co-ahrb-cab-001-d008/event_cab-001-008_cab-001-008_s005_a003,cab-001-008_s005,pending,,,no se pudo resolver un participante único/nombrado sin análisis gramatical adicional
104,cab-001-008,explicit_recoverable,leco:appointsPerson,https://w3id.org/leco/data/co-ahrb-cab-001-d008/event_cab-001-008_cab-001-008_s003_a002,cab-001-008_s003,pending,,,objeto de appointsPerson no resoluble a una entidad única/nombrada
105,cab-001-008,explicit_recoverable,(participant),https://w3id.org/leco/data/co-ahrb-cab-001-d008/event_cab-001-008_cab-001-008_s003_a002,cab-001-008_s003,pending,,,no se pudo resolver un participante único/nombrado sin análisis gramatical adicional
106,cab-001-008,contextual_inference,leco:withinJurisdiction,https://w3id.org/leco/data/co-ahrb-cab-001-d008/event_cab-001-008_cab-001-008_s003_a002,cab-001-008_s003,deferred,,,recalcular tras recuperar autoridades; no crear jurisdicción redundante desde el CSV
107,cab-001-008,explicit_recoverable,leco:appointsToOffice,https://w3id.org/leco/data/co-ahrb-cab-001-d008/event_cab-001-008_cab-001-008_s003_a002,cab-001-008_s003,applied,review_0107_appointsToOffice,review_office_0107,
108,cab-001-008,keep_warning,leco:withinJurisdiction,https://w3id.org/leco/data/co-ahrb-cab-001-d008/event_cab-001-008_cab-001-008_s005_a003,cab-001-008_s005,not_applied_by_policy,,,review_status=keep_warning
109,cab-001-008,keep_warning,leco:withinJurisdiction,https://w3id.org/leco/data/co-ahrb-cab-001-d008/event_cab-001-008_cab-001-008_s005_a004,cab-001-008_s005,not_applied_by_policy,,,review_status=keep_warning
110,cab-001-008,keep_warning,leco:withinJurisdiction,https://w3id.org/leco/data/co-ahrb-cab-001-d008/event_cab-001-008_cab-001-008_s005_a005,cab-001-008_s005,not_applied_by_policy,,,review_status=keep_warning
111,cab-001-008,needs_review,leco:appointsToOffice,https://w3id.org/leco/data/co-ahrb-cab-001-d008/event_cab-001-008_cab-001-008_s005_a005,cab-001-008_s005,not_applied_by_policy,,,review_status=needs_review
112,cab-001-011,explicit_recoverable,(participant),https://w3id.org/leco/data/co-ahrb-cab-001-d0011/event_cab-001-011_cab-001-011_s004_a003,cab-001-011_s004,applied,review_0112_hasParticipant,person_cab-001-011_cab-001-011_s004_a001,
113,cab-001-011,contextual_inference,leco:withinJurisdiction,https://w3id.org/leco/data/co-ahrb-cab-001-d0011/event_cab-001-011_cab-001-011_s001_a007,cab-001-011_s001,deferred,,,recalcular tras recuperar autoridades; no crear jurisdicción redundante desde el CSV
114,cab-001-011,contextual_inference,leco:withinJurisdiction,https://w3id.org/leco/data/co-ahrb-cab-001-d0011/event_cab-001-011_cab-001-011_s003_a002,cab-001-011_s003,deferred,,,recalcular tras recuperar autoridades; no crear jurisdicción redundante desde el CSV
115,cab-001-011,contextual_inference,leco:withinJurisdiction,https://w3id.org/leco/data/co-ahrb-cab-001-d0011/event_cab-001-011_cab-001-011_s004_a003,cab-001-011_s004,deferred,,,recalcular tras recuperar autoridades; no crear jurisdicción redundante desde el CSV
116,cab-001-011,keep_warning,(participant),https://w3id.org/leco/data/co-ahrb-cab-001-d0011/event_cab-001-011_cab-001-011_s002_a002,cab-001-011_s002,not_applied_by_policy,,,review_status=keep_warning
117,cab-001-011,explicit_recoverable,(participant),https://w3id.org/leco/data/co-ahrb-cab-001-d0011/event_cab-001-011_cab-001-011_s003_a002,cab-001-011_s003,applied,review_0117_hasParticipant,org_cab-001-011_cab-001-011_s003_a001,
118,cab-001-011,explicit_recoverable,leco:decidedBy,https://w3id.org/leco/data/co-ahrb-cab-001-d0011/event_cab-001-011_cab-001-011_s001_a007,cab-001-011_s001,applied,review_0118_decidedBy,org_cab-001-011_cab-001-011_s001_a003,
119,cab-001-011,contextual_inference,leco:withinJurisdiction,https://w3id.org/leco/data/co-ahrb-cab-001-d0011/event_cab-001-011_cab-001-011_s002_a001,cab-001-011_s002,deferred,,,recalcular tras recuperar autoridades; no crear jurisdicción redundante desde el CSV
120,cab-001-011,explicit_recoverable,(participant),https://w3id.org/leco/data/co-ahrb-cab-001-d0011/event_cab-001-011_cab-001-011_s001_a005,cab-001-011_s001,applied,review_0120_hasParticipant,org_cab-001-011_cab-001-011_s001_a003,
121,cab-001-011,contextual_inference,leco:withinJurisdiction,https://w3id.org/leco/data/co-ahrb-cab-001-d0011/event_cab-001-011_cab-001-011_s002_a002,cab-001-011_s002,deferred,,,recalcular tras recuperar autoridades; no crear jurisdicción redundante desde el CSV
122,cab-001-011,contextual_inference,leco:withinJurisdiction,https://w3id.org/leco/data/co-ahrb-cab-001-d0011/event_cab-001-011_cab-001-011_s001_a005,cab-001-011_s001,deferred,,,recalcular tras recuperar autoridades; no crear jurisdicción redundante desde el CSV
123,cab-001-011,explicit_recoverable,leco:sanctions,https://w3id.org/leco/data/co-ahrb-cab-001-d0011/event_cab-001-011_cab-001-011_s004_a003,cab-001-011_s004,applied,review_0123_sanctions,person_cab-001-011_cab-001-011_s004_a001,
124,cab-001-011,keep_warning,(participant),https://w3id.org/leco/data/co-ahrb-cab-001-d0011/event_cab-001-011_cab-001-011_s002_a001,cab-001-011_s002,not_applied_by_policy,,,review_status=keep_warning
125,cab-001-011,needs_review,leco:decidedBy,https://w3id.org/leco/data/co-ahrb-cab-001-d0011/event_cab-001-011_cab-001-011_s004_a003,cab-001-011_s004,not_applied_by_policy,,,review_status=needs_review
126,cab-001-011,explicit_recoverable,leco:sanctions,https://w3id.org/leco/data/co-ahrb-cab-001-d0011/event_cab-001-011_cab-001-011_s001_a007,cab-001-011_s001,applied,review_0126_sanctions,org_cab-001-011_cab-001-011_s001_a003,
127,cab-001-011,contextual_inference,leco:decidedBy,https://w3id.org/leco/data/co-ahrb-cab-001-d0011/event_cab-001-011_cab-001-011_s002_a001,cab-001-011_s002,pending,,,autoridad decisora no resoluble a una entidad única/nombrada sin conjetura adicional
128,cab-001-011,explicit_recoverable,(participant),https://w3id.org/leco/data/co-ahrb-cab-001-d0011/event_cab-001-011_cab-001-011_s001_a007,cab-001-011_s001,applied,review_0128_hasParticipant,org_cab-001-011_cab-001-011_s001_a003,
129,cab-001-011,explicit_recoverable,leco:decidedBy,https://w3id.org/leco/data/co-ahrb-cab-001-d0011/event_cab-001-011_cab-001-011_s001_a005,cab-001-011_s001,applied,review_0129_decidedBy,org_cab-001-011_cab-001-011_s001_a003,
130,cab-001-012,contextual_inference,leco:withinJurisdiction,https://w3id.org/leco/data/co-ahrb-cab-001-d0012/event_cab-001-012_cab-001-012_s002_a006,cab-001-012_s002,deferred,,,recalcular tras recuperar autoridades; no crear jurisdicción redundante desde el CSV
131,cab-001-012,explicit_recoverable,(participant),https://w3id.org/leco/data/co-ahrb-cab-001-d0012/event_cab-001-012_cab-001-012_s002_a003,cab-001-012_s002,applied,review_0131_hasParticipant,person_cab-001-012_cab-001-012_s002_a002,
132,cab-001-012,contextual_inference,leco:decidedBy,https://w3id.org/leco/data/co-ahrb-cab-001-d0012/event_cab-001-012_cab-001-012_s004_a002,cab-001-012_s004,applied,review_0132_decidedBy,org_cab-001-012_cab-001-012_s001_a001,
133,cab-001-012,explicit_recoverable,(participant),https://w3id.org/leco/data/co-ahrb-cab-001-d0012/event_cab-001-012_cab-001-012_s006_a004,cab-001-012_s006,applied,review_0133_hasParticipant,person_cab-001-012_cab-001-012_s006_a006,
134,cab-001-012,contextual_inference,leco:withinJurisdiction,https://w3id.org/leco/data/co-ahrb-cab-001-d0012/event_cab-001-012_cab-001-012_s005_a002,cab-001-012_s005,deferred,,,recalcular tras recuperar autoridades; no crear jurisdicción redundante desde el CSV
135,cab-001-012,contextual_inference,leco:decidedBy,https://w3id.org/leco/data/co-ahrb-cab-001-d0012/event_cab-001-012_cab-001-012_s003_a003,cab-001-012_s003,applied,review_0135_decidedBy,org_cab-001-012_cab-001-012_s001_a001,
136,cab-001-012,contextual_inference,(participant),https://w3id.org/leco/data/co-ahrb-cab-001-d0012/event_cab-001-012_cab-001-012_s005_a002,cab-001-012_s005,applied,review_0136_hasParticipant,org_cab-001-012_cab-001-012_s001_a001,
137,cab-001-012,explicit_recoverable,leco:createsRepresentation,https://w3id.org/leco/data/co-ahrb-cab-001-d0012/event_cab-001-012_cab-001-012_s006_a004,cab-001-012_s006,deferred,,,requiere resolver principal(es)/representante(s) y revisar multiplicidad antes de crear RepresentationRelation
138,cab-001-012,explicit_recoverable,(participant),https://w3id.org/leco/data/co-ahrb-cab-001-d0012/event_cab-001-012_cab-001-012_s002_a006,cab-001-012_s002,applied,review_0138_hasParticipant,person_cab-001-012_cab-001-012_s002_a002,
139,cab-001-012,contextual_inference,leco:withinJurisdiction,https://w3id.org/leco/data/co-ahrb-cab-001-d0012/event_cab-001-012_cab-001-012_s006_a004,cab-001-012_s006,deferred,,,recalcular tras recuperar autoridades; no crear jurisdicción redundante desde el CSV
140,cab-001-012,keep_warning,leco:withinJurisdiction,https://w3id.org/leco/data/co-ahrb-cab-001-d0012/event_cab-001-012_cab-001-012_s003_a004,cab-001-012_s003,not_applied_by_policy,,,review_status=keep_warning
141,cab-001-012,contextual_inference,(participant),https://w3id.org/leco/data/co-ahrb-cab-001-d0012/event_cab-001-012_cab-001-012_s003_a005,cab-001-012_s003,pending,,,no se pudo resolver un participante único/nombrado sin análisis gramatical adicional
142,cab-001-012,contextual_inference,leco:withinJurisdiction,https://w3id.org/leco/data/co-ahrb-cab-001-d0012/event_cab-001-012_cab-001-012_s004_a002,cab-001-012_s004,deferred,,,recalcular tras recuperar autoridades; no crear jurisdicción redundante desde el CSV
143,cab-001-012,keep_warning,leco:withinJurisdiction,https://w3id.org/leco/data/co-ahrb-cab-001-d0012/event_cab-001-012_cab-001-012_s003_a005,cab-001-012_s003,not_applied_by_policy,,,review_status=keep_warning
144,cab-001-012,explicit_recoverable,leco:sanctions,https://w3id.org/leco/data/co-ahrb-cab-001-d0012/event_cab-001-012_cab-001-012_s003_a003,cab-001-012_s003,pending,,,objeto de sanctions no resoluble a una entidad única/nombrada
145,cab-001-012,contextual_inference,(participant),https://w3id.org/leco/data/co-ahrb-cab-001-d0012/event_cab-001-012_cab-001-012_s004_a002,cab-001-012_s004,applied,review_0145_hasParticipant,org_cab-001-012_cab-001-012_s001_a001,
146,cab-001-012,contextual_inference,(participant),https://w3id.org/leco/data/co-ahrb-cab-001-d0012/event_cab-001-012_cab-001-012_s004_a003,cab-001-012_s004,applied,review_0146_hasParticipant,org_cab-001-012_cab-001-012_s001_a001,
147,cab-001-012,contextual_inference,leco:withinJurisdiction,https://w3id.org/leco/data/co-ahrb-cab-001-d0012/event_cab-001-012_cab-001-012_s002_a001,cab-001-012_s002,deferred,,,recalcular tras recuperar autoridades; no crear jurisdicción redundante desde el CSV
148,cab-001-012,explicit_recoverable,(participant),https://w3id.org/leco/data/co-ahrb-cab-001-d0012/event_cab-001-012_cab-001-012_s003_a003,cab-001-012_s003,pending,,,no se pudo resolver un participante único/nombrado sin análisis gramatical adicional
149,cab-001-012,contextual_inference,leco:withinJurisdiction,https://w3id.org/leco/data/co-ahrb-cab-001-d0012/event_cab-001-012_cab-001-012_s004_a003,cab-001-012_s004,deferred,,,recalcular tras recuperar autoridades; no crear jurisdicción redundante desde el CSV
150,cab-001-012,explicit_recoverable,(participant),https://w3id.org/leco/data/co-ahrb-cab-001-d0012/event_cab-001-012_cab-001-012_s003_a004,cab-001-012_s003,pending,,,no se pudo resolver un participante único/nombrado sin análisis gramatical adicional
151,cab-001-012,contextual_inference,leco:withinJurisdiction,https://w3id.org/leco/data/co-ahrb-cab-001-d0012/event_cab-001-012_cab-001-012_s002_a003,cab-001-012_s002,deferred,,,recalcular tras recuperar autoridades; no crear jurisdicción redundante desde el CSV
152,cab-001-012,keep_warning,leco:withinJurisdiction,https://w3id.org/leco/data/co-ahrb-cab-001-d0012/event_cab-001-012_cab-001-012_s003_a003,cab-001-012_s003,not_applied_by_policy,,,review_status=keep_warning
153,cab-001-012,contextual_inference,leco:decidedBy,https://w3id.org/leco/data/co-ahrb-cab-001-d0012/event_cab-001-012_cab-001-012_s003_a004,cab-001-012_s003,applied,review_0153_decidedBy,org_cab-001-012_cab-001-012_s001_a001,
154,cab-001-016,explicit_recoverable,(participant),https://w3id.org/leco/data/co-ahrb-cab-001-d0016/event_cab-001-016_cab-001-016_s003_a003,cab-001-016_s003,applied,review_0154_hasParticipant,person_cab-001-016_cab-001-016_s003_a005,
155,cab-001-016,explicit_recoverable,(participant),https://w3id.org/leco/data/co-ahrb-cab-001-d0016/event_cab-001-016_cab-001-016_s002_a001,cab-001-016_s002,applied,review_0155_hasParticipant,person_cab-001-016_cab-001-016_s002_a004,
156,cab-001-016,explicit_recoverable,(participant),https://w3id.org/leco/data/co-ahrb-cab-001-d0016/event_cab-001-016_cab-001-016_s002_a005,cab-001-016_s002,applied,review_0156_hasParticipant,person_cab-001-016_cab-001-016_s002_a004,
157,cab-001-016,contextual_inference,leco:withinJurisdiction,https://w3id.org/leco/data/co-ahrb-cab-001-d0016/event_cab-001-016_cab-001-016_s003_a003,cab-001-016_s003,deferred,,,recalcular tras recuperar autoridades; no crear jurisdicción redundante desde el CSV
158,cab-001-016,keep_warning,leco:withinJurisdiction,https://w3id.org/leco/data/co-ahrb-cab-001-d0016/event_cab-001-016_cab-001-016_s004_a003,cab-001-016_s004,not_applied_by_policy,,,review_status=keep_warning
159,cab-001-016,keep_warning,leco:withinJurisdiction,https://w3id.org/leco/data/co-ahrb-cab-001-d0016/event_cab-001-016_cab-001-016_s004_a004,cab-001-016_s004,not_applied_by_policy,,,review_status=keep_warning
160,cab-001-016,keep_warning,leco:withinJurisdiction,https://w3id.org/leco/data/co-ahrb-cab-001-d0016/event_cab-001-016_cab-001-016_s006_a001,cab-001-016_s006,not_applied_by_policy,,,review_status=keep_warning
161,cab-001-016,explicit_recoverable,(participant),https://w3id.org/leco/data/co-ahrb-cab-001-d0016/event_cab-001-016_cab-001-016_s004_a004,cab-001-016_s004,applied,review_0161_hasParticipant,person_cab-001-016_cab-001-016_s003_a005,
162,cab-001-016,explicit_recoverable,(participant),https://w3id.org/leco/data/co-ahrb-cab-001-d0016/event_cab-001-016_cab-001-016_s004_a003,cab-001-016_s004,applied,review_0162_hasParticipant,person_cab-001-016_cab-001-016_s003_a005,
163,cab-001-016,contextual_inference,leco:decidedBy,https://w3id.org/leco/data/co-ahrb-cab-001-d0016/event_cab-001-016_cab-001-016_s004_a001,cab-001-016_s004,applied,review_0163_decidedBy,org_cab-001-016_cab-001-016_s001_a003,
164,cab-001-016,keep_warning,leco:withinJurisdiction,https://w3id.org/leco/data/co-ahrb-cab-001-d0016/event_cab-001-016_cab-001-016_s004_a001,cab-001-016_s004,not_applied_by_policy,,,review_status=keep_warning
165,cab-001-016,keep_warning,(participant),https://w3id.org/leco/data/co-ahrb-cab-001-d0016/event_cab-001-016_cab-001-016_s006_a001,cab-001-016_s006,not_applied_by_policy,,,review_status=keep_warning
166,cab-001-016,needs_review,leco:withinJurisdiction,https://w3id.org/leco/data/co-ahrb-cab-001-d0016/event_cab-001-016_cab-001-016_s002_a005,cab-001-016_s002,not_applied_by_policy,,,review_status=needs_review
167,cab-001-016,contextual_inference,leco:withinJurisdiction,https://w3id.org/leco/data/co-ahrb-cab-001-d0016/event_cab-001-016_cab-001-016_s003_a004,cab-001-016_s003,deferred,,,recalcular tras recuperar autoridades; no crear jurisdicción redundante desde el CSV
168,cab-001-016,needs_review,leco:withinJurisdiction,https://w3id.org/leco/data/co-ahrb-cab-001-d0016/event_cab-001-016_cab-001-016_s002_a006,cab-001-016_s002,not_applied_by_policy,,,review_status=needs_review
169,cab-001-016,contextual_inference,leco:decidedBy,https://w3id.org/leco/data/co-ahrb-cab-001-d0016/event_cab-001-016_cab-001-016_s004_a003,cab-001-016_s004,applied,review_0169_decidedBy,org_cab-001-016_cab-001-016_s001_a003,
170,cab-001-016,explicit_recoverable,(participant),https://w3id.org/leco/data/co-ahrb-cab-001-d0016/event_cab-001-016_cab-001-016_s004_a001,cab-001-016_s004,applied,review_0170_hasParticipant,person_cab-001-016_cab-001-016_s003_a005,
171,cab-001-016,explicit_recoverable,(participant),https://w3id.org/leco/data/co-ahrb-cab-001-d0016/event_cab-001-016_cab-001-016_s002_a006,cab-001-016_s002,applied,review_0171_hasParticipant,person_cab-001-016_cab-001-016_s002_a004,
172,cab-001-016,contextual_inference,leco:decidedBy,https://w3id.org/leco/data/co-ahrb-cab-001-d0016/event_cab-001-016_cab-001-016_s006_a001,cab-001-016_s006,applied,review_0172_decidedBy,org_cab-001-016_cab-001-016_s001_a003,
173,cab-001-016,needs_review,leco:withinJurisdiction,https://w3id.org/leco/data/co-ahrb-cab-001-d0016/event_cab-001-016_cab-001-016_s002_a001,cab-001-016_s002,not_applied_by_policy,,,review_status=needs_review
174,cab-001-018,keep_warning,leco:sanctions,https://w3id.org/leco/data/co-ahrb-cab-001-d0018/event_cab-001-018_cab-001-018_s003_a002,cab-001-018_s003,not_applied_by_policy,,,review_status=keep_warning
175,cab-001-018,keep_warning,leco:withinJurisdiction,https://w3id.org/leco/data/co-ahrb-cab-001-d0018/event_cab-001-018_cab-001-018_s002_a001,cab-001-018_s002,not_applied_by_policy,,,review_status=keep_warning
176,cab-001-018,keep_warning,leco:decidedBy,https://w3id.org/leco/data/co-ahrb-cab-001-d0018/event_cab-001-018_cab-001-018_s003_a002,cab-001-018_s003,not_applied_by_policy,,,review_status=keep_warning
177,cab-001-018,needs_review,(participant),https://w3id.org/leco/data/co-ahrb-cab-001-d0018/event_cab-001-018_cab-001-018_s003_a002,cab-001-018_s003,not_applied_by_policy,,,review_status=needs_review
178,cab-001-018,contextual_inference,leco:withinJurisdiction,https://w3id.org/leco/data/co-ahrb-cab-001-d0018/event_cab-001-018_cab-001-018_s004_a002,cab-001-018_s004,deferred,,,recalcular tras recuperar autoridades; no crear jurisdicción redundante desde el CSV
179,cab-001-018,contextual_inference,leco:withinJurisdiction,https://w3id.org/leco/data/co-ahrb-cab-001-d0018/event_cab-001-018_cab-001-018_s001_a009,cab-001-018_s001,deferred,,,recalcular tras recuperar autoridades; no crear jurisdicción redundante desde el CSV
180,cab-001-018,explicit_recoverable,leco:createsRepresentation,https://w3id.org/leco/data/co-ahrb-cab-001-d0018/event_cab-001-018_cab-001-018_s001_a009,cab-001-018_s001,deferred,,,requiere resolver principal(es)/representante(s) y revisar multiplicidad antes de crear RepresentationRelation
181,cab-001-018,contextual_inference,leco:withinJurisdiction,https://w3id.org/leco/data/co-ahrb-cab-001-d0018/event_cab-001-018_cab-001-018_s003_a002,cab-001-018_s003,deferred,,,recalcular tras recuperar autoridades; no crear jurisdicción redundante desde el CSV
182,cab-001-018,explicit_recoverable,(participant),https://w3id.org/leco/data/co-ahrb-cab-001-d0018/event_cab-001-018_cab-001-018_s002_a001,cab-001-018_s002,pending,,,no se pudo resolver un participante único/nombrado sin análisis gramatical adicional
183,cab-001-018,explicit_recoverable,(participant),https://w3id.org/leco/data/co-ahrb-cab-001-d0018/event_cab-001-018_cab-001-018_s004_a002,cab-001-018_s004,pending,,,no se pudo resolver un participante único/nombrado sin análisis gramatical adicional
184,cab-001-018,explicit_recoverable,(participant),https://w3id.org/leco/data/co-ahrb-cab-001-d0018/event_cab-001-018_cab-001-018_s001_a009,cab-001-018_s001,applied,review_0184_hasParticipant,org_cab-001-018_cab-001-018_s001_a004,
185,cab-001-019,keep_warning,leco:sanctions,https://w3id.org/leco/data/co-ahrb-cab-001-d0019/event_cab-001-019_cab-001-019_s003_a001,cab-001-019_s003,not_applied_by_policy,,,review_status=keep_warning
186,cab-001-019,contextual_inference,leco:withinJurisdiction,https://w3id.org/leco/data/co-ahrb-cab-001-d0019/event_cab-001-019_cab-001-019_s003_a001,cab-001-019_s003,deferred,,,recalcular tras recuperar autoridades; no crear jurisdicción redundante desde el CSV
187,cab-001-019,contextual_inference,leco:withinJurisdiction,https://w3id.org/leco/data/co-ahrb-cab-001-d0019/event_cab-001-019_cab-001-019_s004_a001,cab-001-019_s004,deferred,,,recalcular tras recuperar autoridades; no crear jurisdicción redundante desde el CSV
188,cab-001-019,explicit_recoverable,(participant),https://w3id.org/leco/data/co-ahrb-cab-001-d0019/event_cab-001-019_cab-001-019_s004_a001,cab-001-019_s004,applied,review_0188_hasParticipant,person_cab-001-019_cab-001-019_s004_a003,
189,cab-001-019,keep_warning,leco:appealsAgainst,https://w3id.org/leco/data/co-ahrb-cab-001-d0019/event_cab-001-019_cab-001-019_s004_a004,cab-001-019_s004,not_applied_by_policy,,,review_status=keep_warning
190,cab-001-019,contextual_inference,leco:withinJurisdiction,https://w3id.org/leco/data/co-ahrb-cab-001-d0019/event_cab-001-019_cab-001-019_s004_a004,cab-001-019_s004,deferred,,,recalcular tras recuperar autoridades; no crear jurisdicción redundante desde el CSV
191,cab-001-019,keep_warning,(participant),https://w3id.org/leco/data/co-ahrb-cab-001-d0019/event_cab-001-019_cab-001-019_s003_a001,cab-001-019_s003,not_applied_by_policy,,,review_status=keep_warning
192,cab-001-019,contextual_inference,(participant),https://w3id.org/leco/data/co-ahrb-cab-001-d0019/event_cab-001-019_cab-001-019_s001_a003,cab-001-019_s001,pending,,,no se pudo resolver un participante único/nombrado sin análisis gramatical adicional
193,cab-001-019,keep_warning,leco:beforeAuthority,https://w3id.org/leco/data/co-ahrb-cab-001-d0019/event_cab-001-019_cab-001-019_s004_a004,cab-001-019_s004,not_applied_by_policy,,,review_status=keep_warning
194,cab-001-019,explicit_recoverable,leco:createsRepresentation,https://w3id.org/leco/data/co-ahrb-cab-001-d0019/event_cab-001-019_cab-001-019_s004_a001,cab-001-019_s004,deferred,,,requiere resolver principal(es)/representante(s) y revisar multiplicidad antes de crear RepresentationRelation
195,cab-001-019,needs_review,leco:withinJurisdiction,https://w3id.org/leco/data/co-ahrb-cab-001-d0019/event_cab-001-019_cab-001-019_s001_a003,cab-001-019_s001,not_applied_by_policy,,,review_status=needs_review
196,cab-001-019,explicit_recoverable,(participant),https://w3id.org/leco/data/co-ahrb-cab-001-d0019/event_cab-001-019_cab-001-019_s004_a005,cab-001-019_s004,applied,review_0196_hasParticipant,person_cab-001-019_cab-001-019_s004_a003,
197,cab-001-019,keep_warning,leco:decidedBy,https://w3id.org/leco/data/co-ahrb-cab-001-d0019/event_cab-001-019_cab-001-019_s003_a001,cab-001-019_s003,not_applied_by_policy,,,review_status=keep_warning
198,cab-001-019,contextual_inference,leco:withinJurisdiction,https://w3id.org/leco/data/co-ahrb-cab-001-d0019/event_cab-001-019_cab-001-019_s004_a005,cab-001-019_s004,deferred,,,recalcular tras recuperar autoridades; no crear jurisdicción redundante desde el CSV
199,cab-001-038,contextual_inference,(participant),https://w3id.org/leco/data/co-ahrb-cab-001-d0038/event_cab-001-038_cab-001-038_s006_a006,cab-001-038_s006,applied,review_0199_hasParticipant,person_cab-001-038_cab-001-038_s006_a004,
200,cab-001-038,explicit_recoverable,leco:appointsToOffice,https://w3id.org/leco/data/co-ahrb-cab-001-d0038/event_cab-001-038_cab-001-038_s006_a002,cab-001-038_s006,applied,review_0200_appointsToOffice,review_office_0200,
201,cab-001-038,contextual_inference,leco:withinJurisdiction,https://w3id.org/leco/data/co-ahrb-cab-001-d0038/event_cab-001-038_cab-001-038_s002_a003,cab-001-038_s002,deferred,,,recalcular tras recuperar autoridades; no crear jurisdicción redundante desde el CSV
202,cab-001-038,needs_review,(participant),https://w3id.org/leco/data/co-ahrb-cab-001-d0038/event_cab-001-038_cab-001-038_s003_a003,cab-001-038_s003,not_applied_by_policy,,,review_status=needs_review
203,cab-001-038,needs_review,leco:createsRepresentation,https://w3id.org/leco/data/co-ahrb-cab-001-d0038/event_cab-001-038_cab-001-038_s003_a003,cab-001-038_s003,not_applied_by_policy,,,review_status=needs_review
204,cab-001-038,explicit_recoverable,(participant),https://w3id.org/leco/data/co-ahrb-cab-001-d0038/event_cab-001-038_cab-001-038_s005_a002,cab-001-038_s005,applied,review_0204_hasParticipant,org_cab-001-038_cab-001-038_s001_a003,
205,cab-001-038,needs_review,leco:sanctions,https://w3id.org/leco/data/co-ahrb-cab-001-d0038/event_cab-001-038_cab-001-038_s002_a003,cab-001-038_s002,not_applied_by_policy,,,review_status=needs_review
206,cab-001-038,contextual_inference,leco:withinJurisdiction,https://w3id.org/leco/data/co-ahrb-cab-001-d0038/event_cab-001-038_cab-001-038_s006_a002,cab-001-038_s006,deferred,,,recalcular tras recuperar autoridades; no crear jurisdicción redundante desde el CSV
207,cab-001-038,needs_review,(participant),https://w3id.org/leco/data/co-ahrb-cab-001-d0038/event_cab-001-038_cab-001-038_s004_a005,cab-001-038_s004,not_applied_by_policy,,,review_status=needs_review
208,cab-001-038,needs_review,leco:withinJurisdiction,https://w3id.org/leco/data/co-ahrb-cab-001-d0038/event_cab-001-038_cab-001-038_s004_a009,cab-001-038_s004,not_applied_by_policy,,,review_status=needs_review
209,cab-001-038,needs_review,leco:withinJurisdiction,https://w3id.org/leco/data/co-ahrb-cab-001-d0038/event_cab-001-038_cab-001-038_s004_a002,cab-001-038_s004,not_applied_by_policy,,,review_status=needs_review
210,cab-001-038,contextual_inference,leco:withinJurisdiction,https://w3id.org/leco/data/co-ahrb-cab-001-d0038/event_cab-001-038_cab-001-038_s003_a003,cab-001-038_s003,deferred,,,recalcular tras recuperar autoridades; no crear jurisdicción redundante desde el CSV
211,cab-001-038,contextual_inference,leco:withinJurisdiction,https://w3id.org/leco/data/co-ahrb-cab-001-d0038/event_cab-001-038_cab-001-038_s007_a003,cab-001-038_s007,deferred,,,recalcular tras recuperar autoridades; no crear jurisdicción redundante desde el CSV
212,cab-001-038,contextual_inference,leco:withinJurisdiction,https://w3id.org/leco/data/co-ahrb-cab-001-d0038/event_cab-001-038_cab-001-038_s005_a002,cab-001-038_s005,deferred,,,recalcular tras recuperar autoridades; no crear jurisdicción redundante desde el CSV
213,cab-001-038,needs_review,leco:withinJurisdiction,https://w3id.org/leco/data/co-ahrb-cab-001-d0038/event_cab-001-038_cab-001-038_s004_a003,cab-001-038_s004,not_applied_by_policy,,,review_status=needs_review
214,cab-001-038,contextual_inference,leco:withinJurisdiction,https://w3id.org/leco/data/co-ahrb-cab-001-d0038/event_cab-001-038_cab-001-038_s006_a006,cab-001-038_s006,deferred,,,recalcular tras recuperar autoridades; no crear jurisdicción redundante desde el CSV
215,cab-001-038,explicit_recoverable,(participant),https://w3id.org/leco/data/co-ahrb-cab-001-d0038/event_cab-001-038_cab-001-038_s002_a002,cab-001-038_s002,pending,,,no se pudo resolver un participante único/nombrado sin análisis gramatical adicional
216,cab-001-038,contextual_inference,leco:withinJurisdiction,https://w3id.org/leco/data/co-ahrb-cab-001-d0038/event_cab-001-038_cab-001-038_s007_a010,cab-001-038_s007,deferred,,,recalcular tras recuperar autoridades; no crear jurisdicción redundante desde el CSV
217,cab-001-038,contextual_inference,(participant),https://w3id.org/leco/data/co-ahrb-cab-001-d0038/event_cab-001-038_cab-001-038_s004_a002,cab-001-038_s004,pending,,,no se pudo resolver un participante único/nombrado sin análisis gramatical adicional
218,cab-001-038,contextual_inference,(participant),https://w3id.org/leco/data/co-ahrb-cab-001-d0038/event_cab-001-038_cab-001-038_s004_a009,cab-001-038_s004,pending,,,no se pudo resolver un participante único/nombrado sin análisis gramatical adicional
219,cab-001-038,needs_review,leco:withinJurisdiction,https://w3id.org/leco/data/co-ahrb-cab-001-d0038/event_cab-001-038_cab-001-038_s004_a005,cab-001-038_s004,not_applied_by_policy,,,review_status=needs_review
220,cab-001-038,explicit_recoverable,(participant),https://w3id.org/leco/data/co-ahrb-cab-001-d0038/event_cab-001-038_cab-001-038_s002_a003,cab-001-038_s002,pending,,,no se pudo resolver un participante único/nombrado sin análisis gramatical adicional
221,cab-001-038,explicit_recoverable,(participant),https://w3id.org/leco/data/co-ahrb-cab-001-d0038/event_cab-001-038_cab-001-038_s007_a003,cab-001-038_s007,pending,,,no se pudo resolver un participante único/nombrado sin análisis gramatical adicional
222,cab-001-038,contextual_inference,leco:decidedBy,https://w3id.org/leco/data/co-ahrb-cab-001-d0038/event_cab-001-038_cab-001-038_s006_a006,cab-001-038_s006,applied,review_0222_decidedBy,org_cab-001-038_cab-001-038_s001_a003,
223,cab-001-038,contextual_inference,leco:withinJurisdiction,https://w3id.org/leco/data/co-ahrb-cab-001-d0038/event_cab-001-038_cab-001-038_s007_a004,cab-001-038_s007,deferred,,,recalcular tras recuperar autoridades; no crear jurisdicción redundante desde el CSV
224,cab-001-038,keep_warning,leco:decidedBy,https://w3id.org/leco/data/co-ahrb-cab-001-d0038/event_cab-001-038_cab-001-038_s002_a003,cab-001-038_s002,not_applied_by_policy,,,review_status=keep_warning
225,cab-001-038,contextual_inference,leco:withinJurisdiction,https://w3id.org/leco/data/co-ahrb-cab-001-d0038/event_cab-001-038_cab-001-038_s002_a002,cab-001-038_s002,deferred,,,recalcular tras recuperar autoridades; no crear jurisdicción redundante desde el CSV
226,cab-001-038,explicit_recoverable,(participant),https://w3id.org/leco/data/co-ahrb-cab-001-d0038/event_cab-001-038_cab-001-038_s007_a010,cab-001-038_s007,pending,,,no se pudo resolver un participante único/nombrado sin análisis gramatical adicional
227,cab-001-039,explicit_recoverable,(participant),https://w3id.org/leco/data/co-ahrb-cab-001-d0039/event_cab-001-039_cab-001-039_s005_a006,cab-001-039_s005,applied,review_0227_hasParticipant,person_cab-001-039_cab-001-039_s003_a011,
228,cab-001-039,explicit_recoverable,(participant),https://w3id.org/leco/data/co-ahrb-cab-001-d0039/event_cab-001-039_cab-001-039_s003_a004,cab-001-039_s003,pending,,,no se pudo resolver un participante único/nombrado sin análisis gramatical adicional
229,cab-001-039,contextual_inference,leco:withinJurisdiction,https://w3id.org/leco/data/co-ahrb-cab-001-d0039/event_cab-001-039_cab-001-039_s005_a008,cab-001-039_s005,deferred,,,recalcular tras recuperar autoridades; no crear jurisdicción redundante desde el CSV
230,cab-001-039,contextual_inference,leco:withinJurisdiction,https://w3id.org/leco/data/co-ahrb-cab-001-d0039/event_cab-001-039_cab-001-039_s005_a006,cab-001-039_s005,deferred,,,recalcular tras recuperar autoridades; no crear jurisdicción redundante desde el CSV
231,cab-001-039,contextual_inference,leco:withinJurisdiction,https://w3id.org/leco/data/co-ahrb-cab-001-d0039/event_cab-001-039_cab-001-039_s005_a005,cab-001-039_s005,deferred,,,recalcular tras recuperar autoridades; no crear jurisdicción redundante desde el CSV
232,cab-001-039,explicit_recoverable,(participant),https://w3id.org/leco/data/co-ahrb-cab-001-d0039/event_cab-001-039_cab-001-039_s005_a004,cab-001-039_s005,applied,review_0232_hasParticipant,person_cab-001-039_cab-001-039_s003_a011,
233,cab-001-039,keep_warning,leco:withinJurisdiction,https://w3id.org/leco/data/co-ahrb-cab-001-d0039/event_cab-001-039_cab-001-039_s002_a002,cab-001-039_s002,not_applied_by_policy,,,review_status=keep_warning
234,cab-001-039,explicit_recoverable,leco:decidedBy,https://w3id.org/leco/data/co-ahrb-cab-001-d0039/event_cab-001-039_cab-001-039_s005_a007,cab-001-039_s005,applied,review_0234_decidedBy,org_cab-001-039_cab-001-039_s007_a002,
235,cab-001-039,contextual_inference,leco:withinJurisdiction,https://w3id.org/leco/data/co-ahrb-cab-001-d0039/event_cab-001-039_cab-001-039_s005_a007,cab-001-039_s005,deferred,,,recalcular tras recuperar autoridades; no crear jurisdicción redundante desde el CSV
236,cab-001-039,explicit_recoverable,(participant),https://w3id.org/leco/data/co-ahrb-cab-001-d0039/event_cab-001-039_cab-001-039_s005_a007,cab-001-039_s005,applied,review_0236_hasParticipant,person_cab-001-039_cab-001-039_s003_a011,
237,cab-001-039,explicit_recoverable,(participant),https://w3id.org/leco/data/co-ahrb-cab-001-d0039/event_cab-001-039_cab-001-039_s002_a002,cab-001-039_s002,pending,,,no se pudo resolver un participante único/nombrado sin análisis gramatical adicional
238,cab-001-039,contextual_inference,leco:withinJurisdiction,https://w3id.org/leco/data/co-ahrb-cab-001-d0039/event_cab-001-039_cab-001-039_s005_a004,cab-001-039_s005,deferred,,,recalcular tras recuperar autoridades; no crear jurisdicción redundante desde el CSV
239,cab-001-039,explicit_recoverable,(participant),https://w3id.org/leco/data/co-ahrb-cab-001-d0039/event_cab-001-039_cab-001-039_s005_a008,cab-001-039_s005,applied,review_0239_hasParticipant,person_cab-001-039_cab-001-039_s003_a011,
240,cab-001-039,contextual_inference,leco:withinJurisdiction,https://w3id.org/leco/data/co-ahrb-cab-001-d0039/event_cab-001-039_cab-001-039_s003_a004,cab-001-039_s003,deferred,,,recalcular tras recuperar autoridades; no crear jurisdicción redundante desde el CSV
241,cab-001-039,contextual_inference,leco:withinJurisdiction,https://w3id.org/leco/data/co-ahrb-cab-001-d0039/event_cab-001-039_cab-001-039_s006_a001,cab-001-039_s006,deferred,,,recalcular tras recuperar autoridades; no crear jurisdicción redundante desde el CSV
242,cab-001-040,contextual_inference,leco:withinJurisdiction,https://w3id.org/leco/data/co-ahrb-cab-001-d0040/event_cab-001-040_cab-001-040_s003_a005,cab-001-040_s003,deferred,,,recalcular tras recuperar autoridades; no crear jurisdicción redundante desde el CSV
243,cab-001-040,contextual_inference,leco:withinJurisdiction,https://w3id.org/leco/data/co-ahrb-cab-001-d0040/event_cab-001-040_cab-001-040_s003_a008,cab-001-040_s003,deferred,,,recalcular tras recuperar autoridades; no crear jurisdicción redundante desde el CSV
244,cab-001-040,explicit_recoverable,(participant),https://w3id.org/leco/data/co-ahrb-cab-001-d0040/event_cab-001-040_cab-001-040_s003_a009,cab-001-040_s003,pending,,,no se pudo resolver un participante único/nombrado sin análisis gramatical adicional
245,cab-001-040,explicit_recoverable,(participant),https://w3id.org/leco/data/co-ahrb-cab-001-d0040/event_cab-001-040_cab-001-040_s003_a005,cab-001-040_s003,pending,,,no se pudo resolver un participante único/nombrado sin análisis gramatical adicional
246,cab-001-040,explicit_recoverable,(participant),https://w3id.org/leco/data/co-ahrb-cab-001-d0040/event_cab-001-040_cab-001-040_s003_a008,cab-001-040_s003,pending,,,no se pudo resolver un participante único/nombrado sin análisis gramatical adicional
247,cab-001-040,explicit_recoverable,leco:createsRepresentation,https://w3id.org/leco/data/co-ahrb-cab-001-d0040/event_cab-001-040_cab-001-040_s003_a005,cab-001-040_s003,deferred,,,requiere resolver principal(es)/representante(s) y revisar multiplicidad antes de crear RepresentationRelation
248,cab-001-040,contextual_inference,leco:decidedBy,https://w3id.org/leco/data/co-ahrb-cab-001-d0040/event_cab-001-040_cab-001-040_s003_a008,cab-001-040_s003,applied,review_0248_decidedBy,org_cab-001-040_cab-001-040_s001_a003,
249,cab-001-040,contextual_inference,leco:withinJurisdiction,https://w3id.org/leco/data/co-ahrb-cab-001-d0040/event_cab-001-040_cab-001-040_s003_a009,cab-001-040_s003,deferred,,,recalcular tras recuperar autoridades; no crear jurisdicción redundante desde el CSV
250,cab-001-042,explicit_recoverable,(participant),https://w3id.org/leco/data/co-ahrb-cab-001-d0042/event_cab-001-042_cab-001-042_s008_a002,cab-001-042_s008,pending,,,no se pudo resolver un participante único/nombrado sin análisis gramatical adicional
251,cab-001-042,needs_review,leco:withinJurisdiction,https://w3id.org/leco/data/co-ahrb-cab-001-d0042/event_cab-001-042_cab-001-042_s001_a006,cab-001-042_s001,not_applied_by_policy,,,review_status=needs_review
252,cab-001-042,keep_warning,leco:withinJurisdiction,https://w3id.org/leco/data/co-ahrb-cab-001-d0042/event_cab-001-042_cab-001-042_s008_a002,cab-001-042_s008,not_applied_by_policy,,,review_status=keep_warning
253,cab-001-042,contextual_inference,leco:withinJurisdiction,https://w3id.org/leco/data/co-ahrb-cab-001-d0042/event_cab-001-042_cab-001-042_s007_a003,cab-001-042_s007,deferred,,,recalcular tras recuperar autoridades; no crear jurisdicción redundante desde el CSV
254,cab-001-042,explicit_recoverable,(participant),https://w3id.org/leco/data/co-ahrb-cab-001-d0042/event_cab-001-042_cab-001-042_s001_a006,cab-001-042_s001,applied,review_0254_hasParticipant,person_cab-001-042_cab-001-042_s001_a005,
255,cab-001-042,keep_warning,leco:withinJurisdiction,https://w3id.org/leco/data/co-ahrb-cab-001-d0042/event_cab-001-042_cab-001-042_s003_a001,cab-001-042_s003,not_applied_by_policy,,,review_status=keep_warning
256,cab-001-042,contextual_inference,leco:decidedBy,https://w3id.org/leco/data/co-ahrb-cab-001-d0042/event_cab-001-042_cab-001-042_s002_a001,cab-001-042_s002,applied,review_0256_decidedBy,org_cab-001-042_cab-001-042_s001_a003,
257,cab-001-042,contextual_inference,leco:withinJurisdiction,https://w3id.org/leco/data/co-ahrb-cab-001-d0042/event_cab-001-042_cab-001-042_s007_a002,cab-001-042_s007,deferred,,,recalcular tras recuperar autoridades; no crear jurisdicción redundante desde el CSV
258,cab-001-042,keep_warning,leco:withinJurisdiction,https://w3id.org/leco/data/co-ahrb-cab-001-d0042/event_cab-001-042_cab-001-042_s002_a001,cab-001-042_s002,not_applied_by_policy,,,review_status=keep_warning
259,cab-001-042,explicit_recoverable,(participant),https://w3id.org/leco/data/co-ahrb-cab-001-d0042/event_cab-001-042_cab-001-042_s007_a002,cab-001-042_s007,applied,review_0259_hasParticipant,person_cab-001-042_cab-001-042_s007_a004,
260,cab-001-042,keep_warning,(participant),https://w3id.org/leco/data/co-ahrb-cab-001-d0042/event_cab-001-042_cab-001-042_s003_a001,cab-001-042_s003,not_applied_by_policy,,,review_status=keep_warning
261,cab-001-042,contextual_inference,(participant),https://w3id.org/leco/data/co-ahrb-cab-001-d0042/event_cab-001-042_cab-001-042_s008_a001,cab-001-042_s008,pending,,,no se pudo resolver un participante único/nombrado sin análisis gramatical adicional
262,cab-001-042,explicit_recoverable,(participant),https://w3id.org/leco/data/co-ahrb-cab-001-d0042/event_cab-001-042_cab-001-042_s002_a001,cab-001-042_s002,applied,review_0262_hasParticipant,person_cab-001-042_cab-001-042_s002_a003,
263,cab-001-042,keep_warning,leco:decidedBy,https://w3id.org/leco/data/co-ahrb-cab-001-d0042/event_cab-001-042_cab-001-042_s003_a001,cab-001-042_s003,not_applied_by_policy,,,review_status=keep_warning
264,cab-001-042,keep_warning,leco:withinJurisdiction,https://w3id.org/leco/data/co-ahrb-cab-001-d0042/event_cab-001-042_cab-001-042_s008_a001,cab-001-042_s008,not_applied_by_policy,,,review_status=keep_warning
265,cab-001-042,keep_warning,leco:sanctions,https://w3id.org/leco/data/co-ahrb-cab-001-d0042/event_cab-001-042_cab-001-042_s003_a001,cab-001-042_s003,not_applied_by_policy,,,review_status=keep_warning
266,cab-001-046,keep_warning,leco:withinJurisdiction,https://w3id.org/leco/data/co-ahrb-cab-001-d0046/event_cab-001-046_cab-001-046_s002_a003,cab-001-046_s002,not_applied_by_policy,,,review_status=keep_warning
267,cab-001-046,keep_warning,leco:conceptUseJurisdiction,https://w3id.org/leco/data/co-ahrb-cab-001-d0046/concept_use_cab-001-046_cab-001-046_s013_a002,cab-001-046_s013,not_applied_by_policy,,,review_status=keep_warning
268,cab-001-046,explicit_recoverable,(participant),https://w3id.org/leco/data/co-ahrb-cab-001-d0046/event_cab-001-046_cab-001-046_s002_a002,cab-001-046_s002,pending,,,no se pudo resolver un participante único/nombrado sin análisis gramatical adicional
269,cab-001-046,explicit_recoverable,leco:decidedBy,https://w3id.org/leco/data/co-ahrb-cab-001-d0046/event_cab-001-046_cab-001-046_s001_a005,cab-001-046_s001,applied,review_0269_decidedBy,org_cab-001-046_cab-001-046_s013_a001,
270,cab-001-046,needs_review,leco:withinJurisdiction,https://w3id.org/leco/data/co-ahrb-cab-001-d0046/event_cab-001-046_cab-001-046_s001_a005,cab-001-046_s001,not_applied_by_policy,,,review_status=needs_review
271,cab-001-046,keep_warning,leco:withinJurisdiction,https://w3id.org/leco/data/co-ahrb-cab-001-d0046/event_cab-001-046_cab-001-046_s002_a002,cab-001-046_s002,not_applied_by_policy,,,review_status=keep_warning
272,cab-001-046,explicit_recoverable,(participant),https://w3id.org/leco/data/co-ahrb-cab-001-d0046/event_cab-001-046_cab-001-046_s001_a005,cab-001-046_s001,applied,review_0272_hasParticipant,person_cab-001-046_cab-001-046_s001_a004,
273,cab-001-046,contextual_inference,leco:decidedBy,https://w3id.org/leco/data/co-ahrb-cab-001-d0046/event_cab-001-046_cab-001-046_s002_a002,cab-001-046_s002,applied,review_0273_decidedBy,org_cab-001-046_cab-001-046_s001_a001,
274,cab-001-046,explicit_recoverable,(participant),https://w3id.org/leco/data/co-ahrb-cab-001-d0046/event_cab-001-046_cab-001-046_s002_a003,cab-001-046_s002,pending,,,no se pudo resolver un participante único/nombrado sin análisis gramatical adicional
275,cab-001-055,explicit_recoverable,leco:decidedBy,https://w3id.org/leco/data/co-ahrb-cab-001-d0055/event_cab-001-055_cab-001-055_s004_a002,cab-001-055_s004,applied,review_0275_decidedBy,org_cab-001-055_cab-001-055_s004_a001,
276,cab-001-055,contextual_inference,leco:withinJurisdiction,https://w3id.org/leco/data/co-ahrb-cab-001-d0055/event_cab-001-055_cab-001-055_s002_a002,cab-001-055_s002,deferred,,,recalcular tras recuperar autoridades; no crear jurisdicción redundante desde el CSV
277,cab-001-055,contextual_inference,leco:withinJurisdiction,https://w3id.org/leco/data/co-ahrb-cab-001-d0055/event_cab-001-055_cab-001-055_s003_a001,cab-001-055_s003,deferred,,,recalcular tras recuperar autoridades; no crear jurisdicción redundante desde el CSV
278,cab-001-055,contextual_inference,leco:decidedBy,https://w3id.org/leco/data/co-ahrb-cab-001-d0055/event_cab-001-055_cab-001-055_s005_a001,cab-001-055_s005,applied,review_0278_decidedBy,org_cab-001-055_cab-001-055_s002_a001,
279,cab-001-055,keep_warning,leco:withinJurisdiction,https://w3id.org/leco/data/co-ahrb-cab-001-d0055/event_cab-001-055_cab-001-055_s005_a001,cab-001-055_s005,not_applied_by_policy,,,review_status=keep_warning
280,cab-001-055,contextual_inference,leco:withinJurisdiction,https://w3id.org/leco/data/co-ahrb-cab-001-d0055/event_cab-001-055_cab-001-055_s006_a002,cab-001-055_s006,deferred,,,recalcular tras recuperar autoridades; no crear jurisdicción redundante desde el CSV
281,cab-001-055,explicit_recoverable,(participant),https://w3id.org/leco/data/co-ahrb-cab-001-d0055/event_cab-001-055_cab-001-055_s004_a002,cab-001-055_s004,applied,review_0281_hasParticipant,org_cab-001-055_cab-001-055_s004_a001,
282,cab-001-055,explicit_recoverable,(participant),https://w3id.org/leco/data/co-ahrb-cab-001-d0055/event_cab-001-055_cab-001-055_s006_a003,cab-001-055_s006,applied,review_0282_hasParticipant,org_cab-001-055_cab-001-055_s002_a001,
283,cab-001-055,keep_warning,leco:withinJurisdiction,https://w3id.org/leco/data/co-ahrb-cab-001-d0055/event_cab-001-055_cab-001-055_s005_a002,cab-001-055_s005,not_applied_by_policy,,,review_status=keep_warning
284,cab-001-055,explicit_recoverable,(participant),https://w3id.org/leco/data/co-ahrb-cab-001-d0055/event_cab-001-055_cab-001-055_s006_a002,cab-001-055_s006,applied,review_0284_hasParticipant,org_cab-001-055_cab-001-055_s002_a001,
285,cab-001-055,contextual_inference,leco:withinJurisdiction,https://w3id.org/leco/data/co-ahrb-cab-001-d0055/event_cab-001-055_cab-001-055_s004_a002,cab-001-055_s004,deferred,,,recalcular tras recuperar autoridades; no crear jurisdicción redundante desde el CSV
286,cab-001-055,keep_warning,(participant),https://w3id.org/leco/data/co-ahrb-cab-001-d0055/event_cab-001-055_cab-001-055_s005_a002,cab-001-055_s005,not_applied_by_policy,,,review_status=keep_warning
287,cab-001-055,contextual_inference,leco:decidedBy,https://w3id.org/leco/data/co-ahrb-cab-001-d0055/event_cab-001-055_cab-001-055_s006_a002,cab-001-055_s006,applied,review_0287_decidedBy,org_cab-001-055_cab-001-055_s002_a001,
288,cab-001-055,contextual_inference,leco:withinJurisdiction,https://w3id.org/leco/data/co-ahrb-cab-001-d0055/event_cab-001-055_cab-001-055_s002_a003,cab-001-055_s002,deferred,,,recalcular tras recuperar autoridades; no crear jurisdicción redundante desde el CSV
289,cab-001-055,contextual_inference,leco:withinJurisdiction,https://w3id.org/leco/data/co-ahrb-cab-001-d0055/event_cab-001-055_cab-001-055_s006_a003,cab-001-055_s006,deferred,,,recalcular tras recuperar autoridades; no crear jurisdicción redundante desde el CSV
290,cab-001-055,explicit_recoverable,(participant),https://w3id.org/leco/data/co-ahrb-cab-001-d0055/event_cab-001-055_cab-001-055_s002_a002,cab-001-055_s002,applied,review_0290_hasParticipant,person_cab-001-055_cab-001-055_s002_a004,
291,cab-001-055,keep_warning,(participant),https://w3id.org/leco/data/co-ahrb-cab-001-d0055/event_cab-001-055_cab-001-055_s005_a001,cab-001-055_s005,not_applied_by_policy,,,review_status=keep_warning
292,cab-001-056,contextual_inference,leco:decidedBy,https://w3id.org/leco/data/co-ahrb-cab-001-d0056/event_cab-001-056_cab-001-056_s002_a001,cab-001-056_s002,applied,review_0292_decidedBy,org_cab-001-056_cab-001-056_s001_a002,
293,cab-001-056,contextual_inference,leco:withinJurisdiction,https://w3id.org/leco/data/co-ahrb-cab-001-d0056/event_cab-001-056_cab-001-056_s005_a004,cab-001-056_s005,deferred,,,recalcular tras recuperar autoridades; no crear jurisdicción redundante desde el CSV
294,cab-001-056,keep_warning,leco:withinJurisdiction,https://w3id.org/leco/data/co-ahrb-cab-001-d0056/event_cab-001-056_cab-001-056_s004_a001,cab-001-056_s004,not_applied_by_policy,,,review_status=keep_warning
295,cab-001-056,contextual_inference,(participant),https://w3id.org/leco/data/co-ahrb-cab-001-d0056/event_cab-001-056_cab-001-056_s002_a001,cab-001-056_s002,pending,,,no se pudo resolver un participante único/nombrado sin análisis gramatical adicional
296,cab-001-056,explicit_recoverable,leco:sanctions,https://w3id.org/leco/data/co-ahrb-cab-001-d0056/event_cab-001-056_cab-001-056_s003_a003,cab-001-056_s003,applied,review_0296_sanctions,org_cab-001-056_cab-001-056_s001_a002,
297,cab-001-056,contextual_inference,leco:decidedBy,https://w3id.org/leco/data/co-ahrb-cab-001-d0056/event_cab-001-056_cab-001-056_s002_a002,cab-001-056_s002,applied,review_0297_decidedBy,org_cab-001-056_cab-001-056_s001_a002,
298,cab-001-056,keep_warning,(participant),https://w3id.org/leco/data/co-ahrb-cab-001-d0056/event_cab-001-056_cab-001-056_s002_a002,cab-001-056_s002,not_applied_by_policy,,,review_status=keep_warning
299,cab-001-056,explicit_recoverable,(participant),https://w3id.org/leco/data/co-ahrb-cab-001-d0056/event_cab-001-056_cab-001-056_s004_a001,cab-001-056_s004,pending,,,no se pudo resolver un participante único/nombrado sin análisis gramatical adicional
300,cab-001-056,contextual_inference,leco:withinJurisdiction,https://w3id.org/leco/data/co-ahrb-cab-001-d0056/event_cab-001-056_cab-001-056_s002_a002,cab-001-056_s002,deferred,,,recalcular tras recuperar autoridades; no crear jurisdicción redundante desde el CSV
301,cab-001-056,explicit_recoverable,leco:decidedBy,https://w3id.org/leco/data/co-ahrb-cab-001-d0056/event_cab-001-056_cab-001-056_s003_a003,cab-001-056_s003,applied,review_0301_decidedBy,org_cab-001-056_cab-001-056_s001_a002,
302,cab-001-056,contextual_inference,leco:withinJurisdiction,https://w3id.org/leco/data/co-ahrb-cab-001-d0056/event_cab-001-056_cab-001-056_s003_a003,cab-001-056_s003,deferred,,,recalcular tras recuperar autoridades; no crear jurisdicción redundante desde el CSV
303,cab-001-056,explicit_recoverable,(participant),https://w3id.org/leco/data/co-ahrb-cab-001-d0056/event_cab-001-056_cab-001-056_s003_a003,cab-001-056_s003,applied,review_0303_hasParticipant,org_cab-001-056_cab-001-056_s001_a002,
304,cab-001-056,contextual_inference,leco:decidedBy,https://w3id.org/leco/data/co-ahrb-cab-001-d0056/event_cab-001-056_cab-001-056_s004_a001,cab-001-056_s004,applied,review_0304_decidedBy,org_cab-001-056_cab-001-056_s001_a002,
305,cab-001-056,explicit_recoverable,(participant),https://w3id.org/leco/data/co-ahrb-cab-001-d0056/event_cab-001-056_cab-001-056_s005_a003,cab-001-056_s005,applied,review_0305_hasParticipant,org_cab-001-056_cab-001-056_s001_a002,
306,cab-001-056,explicit_recoverable,leco:resultsInLegalArrangement,https://w3id.org/leco/data/co-ahrb-cab-001-d0056/event_cab-001-056_cab-001-056_s005_a004,cab-001-056_s005,applied,review_0306_resultsInLegalArrangement,review_arrangement_0306,
307,cab-001-056,contextual_inference,leco:withinJurisdiction,https://w3id.org/leco/data/co-ahrb-cab-001-d0056/event_cab-001-056_cab-001-056_s005_a003,cab-001-056_s005,deferred,,,recalcular tras recuperar autoridades; no crear jurisdicción redundante desde el CSV
308,cab-001-056,contextual_inference,leco:decidedBy,https://w3id.org/leco/data/co-ahrb-cab-001-d0056/event_cab-001-056_cab-001-056_s005_a003,cab-001-056_s005,applied,review_0308_decidedBy,org_cab-001-056_cab-001-056_s001_a002,
309,cab-001-056,explicit_recoverable,(participant),https://w3id.org/leco/data/co-ahrb-cab-001-d0056/event_cab-001-056_cab-001-056_s005_a004,cab-001-056_s005,applied,review_0309_hasParticipant,org_cab-001-056_cab-001-056_s001_a002,
310,cab-001-056,contextual_inference,leco:withinJurisdiction,https://w3id.org/leco/data/co-ahrb-cab-001-d0056/event_cab-001-056_cab-001-056_s002_a001,cab-001-056_s002,deferred,,,recalcular tras recuperar autoridades; no crear jurisdicción redundante desde el CSV
311,cab-001-056,keep_warning,leco:sanctions,https://w3id.org/leco/data/co-ahrb-cab-001-d0056/event_cab-001-056_cab-001-056_s002_a002,cab-001-056_s002,not_applied_by_policy,,,review_status=keep_warning
