document,report_file,conforms,severity,focus_node,source_shape,constraint,result_path,value,message
cab-001-002,build/shacl_reports_quality_inferred/cab-001-002.ttl,True,Warning,https://w3id.org/leco/data/co-ahrb-cab-001-d002/event_cab-001-002_cab-001-002_s004_a006,_:n69242f18269544408c34743fead662abb12,sh:MinCountConstraintComponent,leco:appointsPerson,,No se ha identificado la persona nombrada.
cab-001-002,build/shacl_reports_quality_inferred/cab-001-002.ttl,True,Warning,https://w3id.org/leco/data/co-ahrb-cab-001-d002/event_cab-001-002_cab-001-002_s004_a006,https://w3id.org/leco/shapes/quality#JurisdictionalActParticipantQualityShape,sh:OrConstraintComponent,,https://w3id.org/leco/data/co-ahrb-cab-001-d002/event_cab-001-002_cab-001-002_s004_a006,No se ha identificado ningún participante del acto. Mantener como incompletitud si la fuente no permite establecerlo.
cab-001-002,build/shacl_reports_quality_inferred/cab-001-002.ttl,True,Warning,https://w3id.org/leco/data/co-ahrb-cab-001-d002/event_cab-001-002_cab-001-002_s004_a003,_:n69242f18269544408c34743fead662abb3,sh:MinCountConstraintComponent,leco:withinJurisdiction,,"No se ha identificado una jurisdicción para este acto. Es una laguna de completitud, no un error estructural."
cab-001-002,build/shacl_reports_quality_inferred/cab-001-002.ttl,True,Warning,https://w3id.org/leco/data/co-ahrb-cab-001-d002/event_cab-001-002_cab-001-002_s005_a003,_:n69242f18269544408c34743fead662abb3,sh:MinCountConstraintComponent,leco:withinJurisdiction,,"No se ha identificado una jurisdicción para este acto. Es una laguna de completitud, no un error estructural."
cab-001-002,build/shacl_reports_quality_inferred/cab-001-002.ttl,True,Warning,https://w3id.org/leco/data/co-ahrb-cab-001-d002/event_cab-001-002_cab-001-002_s005_a001,_:n69242f18269544408c34743fead662abb3,sh:MinCountConstraintComponent,leco:withinJurisdiction,,"No se ha identificado una jurisdicción para este acto. Es una laguna de completitud, no un error estructural."
cab-001-002,build/shacl_reports_quality_inferred/cab-001-002.ttl,True,Warning,https://w3id.org/leco/data/co-ahrb-cab-001-d002/event_cab-001-002_cab-001-002_s005_a002,_:n69242f18269544408c34743fead662abb3,sh:MinCountConstraintComponent,leco:withinJurisdiction,,"No se ha identificado una jurisdicción para este acto. Es una laguna de completitud, no un error estructural."
cab-001-002,build/shacl_reports_quality_inferred/cab-001-002.ttl,True,Warning,https://w3id.org/leco/data/co-ahrb-cab-001-d002/event_cab-001-002_cab-001-002_s003_a002,_:n69242f18269544408c34743fead662abb3,sh:MinCountConstraintComponent,leco:withinJurisdiction,,"No se ha identificado una jurisdicción para este acto. Es una laguna de completitud, no un error estructural."
cab-001-002,build/shacl_reports_quality_inferred/cab-001-002.ttl,True,Warning,https://w3id.org/leco/data/co-ahrb-cab-001-d002/event_cab-001-002_cab-001-002_s004_a006,_:n69242f18269544408c34743fead662abb3,sh:MinCountConstraintComponent,leco:withinJurisdiction,,"No se ha identificado una jurisdicción para este acto. Es una laguna de completitud, no un error estructural."
cab-001-002,build/shacl_reports_quality_inferred/cab-001-002.ttl,True,Warning,https://w3id.org/leco/data/co-ahrb-cab-001-d002/event_cab-001-002_cab-001-002_s004_a006,_:n69242f18269544408c34743fead662abb10,sh:MinCountConstraintComponent,leco:appointsToOffice,,No se ha identificado el oficio al que se realiza el nombramiento.
cab-001-003,build/shacl_reports_quality_inferred/cab-001-003.ttl,True,Warning,https://w3id.org/leco/data/co-ahrb-cab-001-d003/concept_use_cab-001-003_cab-001-003_s003_a005,_:n884c277bb3be491ab78ad30b6928de72b11,sh:MinCountConstraintComponent,leco:conceptUseJurisdiction,,El uso del concepto histórico no tiene todavía contexto jurisdiccional identificado.
cab-001-003,build/shacl_reports_quality_inferred/cab-001-003.ttl,True,Warning,https://w3id.org/leco/data/co-ahrb-cab-001-d003/event_cab-001-003_cab-001-003_s007_a001,_:n884c277bb3be491ab78ad30b6928de72b4,sh:MinCountConstraintComponent,leco:withinJurisdiction,,"No se ha identificado una jurisdicción para este acto. Es una laguna de completitud, no un error estructural."
cab-001-003,build/shacl_reports_quality_inferred/cab-001-003.ttl,True,Warning,https://w3id.org/leco/data/co-ahrb-cab-001-d003/event_cab-001-003_cab-001-003_s005_a003,_:n884c277bb3be491ab78ad30b6928de72b4,sh:MinCountConstraintComponent,leco:withinJurisdiction,,"No se ha identificado una jurisdicción para este acto. Es una laguna de completitud, no un error estructural."
cab-001-003,build/shacl_reports_quality_inferred/cab-001-003.ttl,True,Warning,https://w3id.org/leco/data/co-ahrb-cab-001-d003/event_cab-001-003_cab-001-003_s005_a003,_:n884c277bb3be491ab78ad30b6928de72b15,sh:MinCountConstraintComponent,leco:resultsInLegalArrangement,,El repartimiento no está enlazado todavía con el arreglo o régimen jurídico resultante.
cab-001-003,build/shacl_reports_quality_inferred/cab-001-003.ttl,True,Warning,https://w3id.org/leco/data/co-ahrb-cab-001-d003/event_cab-001-003_cab-001-003_s005_a001,_:n884c277bb3be491ab78ad30b6928de72b4,sh:MinCountConstraintComponent,leco:withinJurisdiction,,"No se ha identificado una jurisdicción para este acto. Es una laguna de completitud, no un error estructural."
cab-001-003,build/shacl_reports_quality_inferred/cab-001-003.ttl,True,Warning,https://w3id.org/leco/data/co-ahrb-cab-001-d003/event_cab-001-003_cab-001-003_s007_a001,https://w3id.org/leco/shapes/quality#JurisdictionalActParticipantQualityShape,sh:OrConstraintComponent,,https://w3id.org/leco/data/co-ahrb-cab-001-d003/event_cab-001-003_cab-001-003_s007_a001,No se ha identificado ningún participante del acto. Mantener como incompletitud si la fuente no permite establecerlo.
cab-001-003,build/shacl_reports_quality_inferred/cab-001-003.ttl,True,Warning,https://w3id.org/leco/data/co-ahrb-cab-001-d003/event_cab-001-003_cab-001-003_s004_a006,_:n884c277bb3be491ab78ad30b6928de72b15,sh:MinCountConstraintComponent,leco:resultsInLegalArrangement,,El repartimiento no está enlazado todavía con el arreglo o régimen jurídico resultante.
cab-001-003,build/shacl_reports_quality_inferred/cab-001-003.ttl,True,Warning,https://w3id.org/leco/data/co-ahrb-cab-001-d003/event_cab-001-003_cab-001-003_s007_a002,https://w3id.org/leco/shapes/quality#JurisdictionalActParticipantQualityShape,sh:OrConstraintComponent,,https://w3id.org/leco/data/co-ahrb-cab-001-d003/event_cab-001-003_cab-001-003_s007_a002,No se ha identificado ningún participante del acto. Mantener como incompletitud si la fuente no permite establecerlo.
cab-001-003,build/shacl_reports_quality_inferred/cab-001-003.ttl,True,Warning,https://w3id.org/leco/data/co-ahrb-cab-001-d003/event_cab-001-003_cab-001-003_s004_a006,_:n884c277bb3be491ab78ad30b6928de72b4,sh:MinCountConstraintComponent,leco:withinJurisdiction,,"No se ha identificado una jurisdicción para este acto. Es una laguna de completitud, no un error estructural."
cab-001-003,build/shacl_reports_quality_inferred/cab-001-003.ttl,True,Warning,https://w3id.org/leco/data/co-ahrb-cab-001-d003/event_cab-001-003_cab-001-003_s004_a006,https://w3id.org/leco/shapes/quality#JurisdictionalActParticipantQualityShape,sh:OrConstraintComponent,,https://w3id.org/leco/data/co-ahrb-cab-001-d003/event_cab-001-003_cab-001-003_s004_a006,No se ha identificado ningún participante del acto. Mantener como incompletitud si la fuente no permite establecerlo.
cab-001-003,build/shacl_reports_quality_inferred/cab-001-003.ttl,True,Warning,https://w3id.org/leco/data/co-ahrb-cab-001-d003/event_cab-001-003_cab-001-003_s007_a002,_:n884c277bb3be491ab78ad30b6928de72b4,sh:MinCountConstraintComponent,leco:withinJurisdiction,,"No se ha identificado una jurisdicción para este acto. Es una laguna de completitud, no un error estructural."
cab-001-003,build/shacl_reports_quality_inferred/cab-001-003.ttl,True,Warning,https://w3id.org/leco/data/co-ahrb-cab-001-d003/event_cab-001-003_cab-001-003_s005_a004,_:n884c277bb3be491ab78ad30b6928de72b4,sh:MinCountConstraintComponent,leco:withinJurisdiction,,"No se ha identificado una jurisdicción para este acto. Es una laguna de completitud, no un error estructural."
cab-001-003,build/shacl_reports_quality_inferred/cab-001-003.ttl,True,Warning,https://w3id.org/leco/data/co-ahrb-cab-001-d003/event_cab-001-003_cab-001-003_s007_a001,_:n884c277bb3be491ab78ad30b6928de72b9,sh:MinCountConstraintComponent,leco:decidedBy,,No se ha identificado quién decidió esta decisión jurídica.
cab-001-004,build/shacl_reports_quality_inferred/cab-001-004.ttl,True,Warning,https://w3id.org/leco/data/co-ahrb-cab-001-d004/event_cab-001-004_cab-001-004_s007_a002,_:nd0250aca413944f28355605b95cb4a8bb3,sh:MinCountConstraintComponent,leco:withinJurisdiction,,"No se ha identificado una jurisdicción para este acto. Es una laguna de completitud, no un error estructural."
cab-001-004,build/shacl_reports_quality_inferred/cab-001-004.ttl,True,Warning,https://w3id.org/leco/data/co-ahrb-cab-001-d004/event_cab-001-004_cab-001-004_s009_a002,_:nd0250aca413944f28355605b95cb4a8bb3,sh:MinCountConstraintComponent,leco:withinJurisdiction,,"No se ha identificado una jurisdicción para este acto. Es una laguna de completitud, no un error estructural."
cab-001-004,build/shacl_reports_quality_inferred/cab-001-004.ttl,True,Warning,https://w3id.org/leco/data/co-ahrb-cab-001-d004/event_cab-001-004_cab-001-004_s007_a004,_:nd0250aca413944f28355605b95cb4a8bb3,sh:MinCountConstraintComponent,leco:withinJurisdiction,,"No se ha identificado una jurisdicción para este acto. Es una laguna de completitud, no un error estructural."
cab-001-004,build/shacl_reports_quality_inferred/cab-001-004.ttl,True,Warning,https://w3id.org/leco/data/co-ahrb-cab-001-d004/event_cab-001-004_cab-001-004_s002_a005,_:nd0250aca413944f28355605b95cb4a8bb15,sh:MinCountConstraintComponent,leco:decidedBy,,No se ha identificado quién decidió esta decisión jurídica.
cab-001-004,build/shacl_reports_quality_inferred/cab-001-004.ttl,True,Warning,https://w3id.org/leco/data/co-ahrb-cab-001-d004/event_cab-001-004_cab-001-004_s002_a008,https://w3id.org/leco/shapes/quality#JurisdictionalActParticipantQualityShape,sh:OrConstraintComponent,,https://w3id.org/leco/data/co-ahrb-cab-001-d004/event_cab-001-004_cab-001-004_s002_a008,No se ha identificado ningún participante del acto. Mantener como incompletitud si la fuente no permite establecerlo.
cab-001-004,build/shacl_reports_quality_inferred/cab-001-004.ttl,True,Warning,https://w3id.org/leco/data/co-ahrb-cab-001-d004/event_cab-001-004_cab-001-004_s008_a004,https://w3id.org/leco/shapes/quality#JurisdictionalActParticipantQualityShape,sh:OrConstraintComponent,,https://w3id.org/leco/data/co-ahrb-cab-001-d004/event_cab-001-004_cab-001-004_s008_a004,No se ha identificado ningún participante del acto. Mantener como incompletitud si la fuente no permite establecerlo.
cab-001-004,build/shacl_reports_quality_inferred/cab-001-004.ttl,True,Warning,https://w3id.org/leco/data/co-ahrb-cab-001-d004/event_cab-001-004_cab-001-004_s008_a001,https://w3id.org/leco/shapes/quality#JurisdictionalActParticipantQualityShape,sh:OrConstraintComponent,,https://w3id.org/leco/data/co-ahrb-cab-001-d004/event_cab-001-004_cab-001-004_s008_a001,No se ha identificado ningún participante del acto. Mantener como incompletitud si la fuente no permite establecerlo.
cab-001-004,build/shacl_reports_quality_inferred/cab-001-004.ttl,True,Warning,https://w3id.org/leco/data/co-ahrb-cab-001-d004/event_cab-001-004_cab-001-004_s010_a007,_:nd0250aca413944f28355605b95cb4a8bb3,sh:MinCountConstraintComponent,leco:withinJurisdiction,,"No se ha identificado una jurisdicción para este acto. Es una laguna de completitud, no un error estructural."
cab-001-004,build/shacl_reports_quality_inferred/cab-001-004.ttl,True,Warning,https://w3id.org/leco/data/co-ahrb-cab-001-d004/event_cab-001-004_cab-001-004_s002_a005,_:nd0250aca413944f28355605b95cb4a8bb3,sh:MinCountConstraintComponent,leco:withinJurisdiction,,"No se ha identificado una jurisdicción para este acto. Es una laguna de completitud, no un error estructural."
cab-001-004,build/shacl_reports_quality_inferred/cab-001-004.ttl,True,Warning,https://w3id.org/leco/data/co-ahrb-cab-001-d004/event_cab-001-004_cab-001-004_s008_a004,_:nd0250aca413944f28355605b95cb4a8bb3,sh:MinCountConstraintComponent,leco:withinJurisdiction,,"No se ha identificado una jurisdicción para este acto. Es una laguna de completitud, no un error estructural."
cab-001-004,build/shacl_reports_quality_inferred/cab-001-004.ttl,True,Warning,https://w3id.org/leco/data/co-ahrb-cab-001-d004/event_cab-001-004_cab-001-004_s010_a005,_:nd0250aca413944f28355605b95cb4a8bb3,sh:MinCountConstraintComponent,leco:withinJurisdiction,,"No se ha identificado una jurisdicción para este acto. Es una laguna de completitud, no un error estructural."
cab-001-004,build/shacl_reports_quality_inferred/cab-001-004.ttl,True,Warning,https://w3id.org/leco/data/co-ahrb-cab-001-d004/event_cab-001-004_cab-001-004_s002_a003,https://w3id.org/leco/shapes/quality#JurisdictionalActParticipantQualityShape,sh:OrConstraintComponent,,https://w3id.org/leco/data/co-ahrb-cab-001-d004/event_cab-001-004_cab-001-004_s002_a003,No se ha identificado ningún participante del acto. Mantener como incompletitud si la fuente no permite establecerlo.
cab-001-004,build/shacl_reports_quality_inferred/cab-001-004.ttl,True,Warning,https://w3id.org/leco/data/co-ahrb-cab-001-d004/event_cab-001-004_cab-001-004_s011_a003,_:nd0250aca413944f28355605b95cb4a8bb3,sh:MinCountConstraintComponent,leco:withinJurisdiction,,"No se ha identificado una jurisdicción para este acto. Es una laguna de completitud, no un error estructural."
cab-001-004,build/shacl_reports_quality_inferred/cab-001-004.ttl,True,Warning,https://w3id.org/leco/data/co-ahrb-cab-001-d004/event_cab-001-004_cab-001-004_s005_a004,_:nd0250aca413944f28355605b95cb4a8bb3,sh:MinCountConstraintComponent,leco:withinJurisdiction,,"No se ha identificado una jurisdicción para este acto. Es una laguna de completitud, no un error estructural."
cab-001-004,build/shacl_reports_quality_inferred/cab-001-004.ttl,True,Warning,https://w3id.org/leco/data/co-ahrb-cab-001-d004/event_cab-001-004_cab-001-004_s002_a005,https://w3id.org/leco/shapes/quality#JurisdictionalActParticipantQualityShape,sh:OrConstraintComponent,,https://w3id.org/leco/data/co-ahrb-cab-001-d004/event_cab-001-004_cab-001-004_s002_a005,No se ha identificado ningún participante del acto. Mantener como incompletitud si la fuente no permite establecerlo.
cab-001-004,build/shacl_reports_quality_inferred/cab-001-004.ttl,True,Warning,https://w3id.org/leco/data/co-ahrb-cab-001-d004/event_cab-001-004_cab-001-004_s003_a001,_:nd0250aca413944f28355605b95cb4a8bb27,sh:MinCountConstraintComponent,leco:createsRepresentation,,El otorgamiento de poder no está enlazado todavía con una relación de representación.
cab-001-004,build/shacl_reports_quality_inferred/cab-001-004.ttl,True,Warning,https://w3id.org/leco/data/co-ahrb-cab-001-d004/event_cab-001-004_cab-001-004_s003_a001,_:nd0250aca413944f28355605b95cb4a8bb3,sh:MinCountConstraintComponent,leco:withinJurisdiction,,"No se ha identificado una jurisdicción para este acto. Es una laguna de completitud, no un error estructural."
cab-001-004,build/shacl_reports_quality_inferred/cab-001-004.ttl,True,Warning,https://w3id.org/leco/data/co-ahrb-cab-001-d004/event_cab-001-004_cab-001-004_s002_a008,_:nd0250aca413944f28355605b95cb4a8bb3,sh:MinCountConstraintComponent,leco:withinJurisdiction,,"No se ha identificado una jurisdicción para este acto. Es una laguna de completitud, no un error estructural."
cab-001-004,build/shacl_reports_quality_inferred/cab-001-004.ttl,True,Warning,https://w3id.org/leco/data/co-ahrb-cab-001-d004/event_cab-001-004_cab-001-004_s010_a004,_:nd0250aca413944f28355605b95cb4a8bb3,sh:MinCountConstraintComponent,leco:withinJurisdiction,,"No se ha identificado una jurisdicción para este acto. Es una laguna de completitud, no un error estructural."
cab-001-004,build/shacl_reports_quality_inferred/cab-001-004.ttl,True,Warning,https://w3id.org/leco/data/co-ahrb-cab-001-d004/event_cab-001-004_cab-001-004_s009_a003,_:nd0250aca413944f28355605b95cb4a8bb3,sh:MinCountConstraintComponent,leco:withinJurisdiction,,"No se ha identificado una jurisdicción para este acto. Es una laguna de completitud, no un error estructural."
cab-001-004,build/shacl_reports_quality_inferred/cab-001-004.ttl,True,Warning,https://w3id.org/leco/data/co-ahrb-cab-001-d004/event_cab-001-004_cab-001-004_s008_a001,_:nd0250aca413944f28355605b95cb4a8bb3,sh:MinCountConstraintComponent,leco:withinJurisdiction,,"No se ha identificado una jurisdicción para este acto. Es una laguna de completitud, no un error estructural."
cab-001-004,build/shacl_reports_quality_inferred/cab-001-004.ttl,True,Warning,https://w3id.org/leco/data/co-ahrb-cab-001-d004/event_cab-001-004_cab-001-004_s002_a003,_:nd0250aca413944f28355605b95cb4a8bb3,sh:MinCountConstraintComponent,leco:withinJurisdiction,,"No se ha identificado una jurisdicción para este acto. Es una laguna de completitud, no un error estructural."
cab-001-004,build/shacl_reports_quality_inferred/cab-001-004.ttl,True,Warning,https://w3id.org/leco/data/co-ahrb-cab-001-d004/event_cab-001-004_cab-001-004_s002_a008,_:nd0250aca413944f28355605b95cb4a8bb10,sh:MinCountConstraintComponent,leco:resultsInLegalArrangement,,El repartimiento no está enlazado todavía con el arreglo o régimen jurídico resultante.
cab-001-006,build/shacl_reports_quality_inferred/cab-001-006.ttl,True,Warning,https://w3id.org/leco/data/co-ahrb-cab-001-d006/event_cab-001-006_cab-001-006_s002_a001,_:n232605672c4e4b98ad6be4c6c320fea4b3,sh:MinCountConstraintComponent,leco:withinJurisdiction,,"No se ha identificado una jurisdicción para este acto. Es una laguna de completitud, no un error estructural."
cab-001-006,build/shacl_reports_quality_inferred/cab-001-006.ttl,True,Warning,https://w3id.org/leco/data/co-ahrb-cab-001-d006/event_cab-001-006_cab-001-006_s005_a002,_:n232605672c4e4b98ad6be4c6c320fea4b12,sh:MinCountConstraintComponent,leco:decidedBy,,No se ha identificado quién decidió esta decisión jurídica.
cab-001-006,build/shacl_reports_quality_inferred/cab-001-006.ttl,True,Warning,https://w3id.org/leco/data/co-ahrb-cab-001-d006/event_cab-001-006_cab-001-006_s005_a004,https://w3id.org/leco/shapes/quality#JurisdictionalActParticipantQualityShape,sh:OrConstraintComponent,,https://w3id.org/leco/data/co-ahrb-cab-001-d006/event_cab-001-006_cab-001-006_s005_a004,No se ha identificado ningún participante del acto. Mantener como incompletitud si la fuente no permite establecerlo.
cab-001-006,build/shacl_reports_quality_inferred/cab-001-006.ttl,True,Warning,https://w3id.org/leco/data/co-ahrb-cab-001-d006/event_cab-001-006_cab-001-006_s002_a001,_:n232605672c4e4b98ad6be4c6c320fea4b15,sh:MinCountConstraintComponent,leco:appointsPerson,,No se ha identificado la persona nombrada.
cab-001-006,build/shacl_reports_quality_inferred/cab-001-006.ttl,True,Warning,https://w3id.org/leco/data/co-ahrb-cab-001-d006/event_cab-001-006_cab-001-006_s005_a004,_:n232605672c4e4b98ad6be4c6c320fea4b3,sh:MinCountConstraintComponent,leco:withinJurisdiction,,"No se ha identificado una jurisdicción para este acto. Es una laguna de completitud, no un error estructural."
cab-001-006,build/shacl_reports_quality_inferred/cab-001-006.ttl,True,Warning,https://w3id.org/leco/data/co-ahrb-cab-001-d006/event_cab-001-006_cab-001-006_s005_a004,_:n232605672c4e4b98ad6be4c6c320fea4b12,sh:MinCountConstraintComponent,leco:decidedBy,,No se ha identificado quién decidió esta decisión jurídica.
cab-001-006,build/shacl_reports_quality_inferred/cab-001-006.ttl,True,Warning,https://w3id.org/leco/data/co-ahrb-cab-001-d006/event_cab-001-006_cab-001-006_s006_a001,_:n232605672c4e4b98ad6be4c6c320fea4b3,sh:MinCountConstraintComponent,leco:withinJurisdiction,,"No se ha identificado una jurisdicción para este acto. Es una laguna de completitud, no un error estructural."
cab-001-006,build/shacl_reports_quality_inferred/cab-001-006.ttl,True,Warning,https://w3id.org/leco/data/co-ahrb-cab-001-d006/event_cab-001-006_cab-001-006_s004_a004,_:n232605672c4e4b98ad6be4c6c320fea4b12,sh:MinCountConstraintComponent,leco:decidedBy,,No se ha identificado quién decidió esta decisión jurídica.
cab-001-006,build/shacl_reports_quality_inferred/cab-001-006.ttl,True,Warning,https://w3id.org/leco/data/co-ahrb-cab-001-d006/event_cab-001-006_cab-001-006_s005_a002,_:n232605672c4e4b98ad6be4c6c320fea4b3,sh:MinCountConstraintComponent,leco:withinJurisdiction,,"No se ha identificado una jurisdicción para este acto. Es una laguna de completitud, no un error estructural."
cab-001-006,build/shacl_reports_quality_inferred/cab-001-006.ttl,True,Warning,https://w3id.org/leco/data/co-ahrb-cab-001-d006/event_cab-001-006_cab-001-006_s004_a004,_:n232605672c4e4b98ad6be4c6c320fea4b3,sh:MinCountConstraintComponent,leco:withinJurisdiction,,"No se ha identificado una jurisdicción para este acto. Es una laguna de completitud, no un error estructural."
cab-001-006,build/shacl_reports_quality_inferred/cab-001-006.ttl,True,Warning,https://w3id.org/leco/data/co-ahrb-cab-001-d006/event_cab-001-006_cab-001-006_s002_a001,_:n232605672c4e4b98ad6be4c6c320fea4b22,sh:MinCountConstraintComponent,leco:appointsToOffice,,No se ha identificado el oficio al que se realiza el nombramiento.
cab-001-006,build/shacl_reports_quality_inferred/cab-001-006.ttl,True,Warning,https://w3id.org/leco/data/co-ahrb-cab-001-d006/event_cab-001-006_cab-001-006_s002_a001,https://w3id.org/leco/shapes/quality#JurisdictionalActParticipantQualityShape,sh:OrConstraintComponent,,https://w3id.org/leco/data/co-ahrb-cab-001-d006/event_cab-001-006_cab-001-006_s002_a001,No se ha identificado ningún participante del acto. Mantener como incompletitud si la fuente no permite establecerlo.
cab-001-006,build/shacl_reports_quality_inferred/cab-001-006.ttl,True,Warning,https://w3id.org/leco/data/co-ahrb-cab-001-d006/event_cab-001-006_cab-001-006_s004_a004,_:n232605672c4e4b98ad6be4c6c320fea4b5,sh:MinCountConstraintComponent,leco:sanctions,,No se ha identificado el actor sancionado.
cab-001-006,build/shacl_reports_quality_inferred/cab-001-006.ttl,True,Warning,https://w3id.org/leco/data/co-ahrb-cab-001-d006/event_cab-001-006_cab-001-006_s005_a002,https://w3id.org/leco/shapes/quality#JurisdictionalActParticipantQualityShape,sh:OrConstraintComponent,,https://w3id.org/leco/data/co-ahrb-cab-001-d006/event_cab-001-006_cab-001-006_s005_a002,No se ha identificado ningún participante del acto. Mantener como incompletitud si la fuente no permite establecerlo.
cab-001-006,build/shacl_reports_quality_inferred/cab-001-006.ttl,True,Warning,https://w3id.org/leco/data/co-ahrb-cab-001-d006/event_cab-001-006_cab-001-006_s004_a004,https://w3id.org/leco/shapes/quality#JurisdictionalActParticipantQualityShape,sh:OrConstraintComponent,,https://w3id.org/leco/data/co-ahrb-cab-001-d006/event_cab-001-006_cab-001-006_s004_a004,No se ha identificado ningún participante del acto. Mantener como incompletitud si la fuente no permite establecerlo.
cab-001-006,build/shacl_reports_quality_inferred/cab-001-006.ttl,True,Warning,https://w3id.org/leco/data/co-ahrb-cab-001-d006/concept_use_cab-001-006_cab-001-006_s005_a001,_:n232605672c4e4b98ad6be4c6c320fea4b8,sh:MinCountConstraintComponent,leco:conceptUseTime,,El uso del concepto histórico no tiene todavía contexto temporal identificado. Mantener como incompletitud si la fuente o los metadatos no permiten fecharlo.
cab-001-006,build/shacl_reports_quality_inferred/cab-001-006.ttl,True,Warning,https://w3id.org/leco/data/co-ahrb-cab-001-d006/event_cab-001-006_cab-001-006_s005_a004,_:n232605672c4e4b98ad6be4c6c320fea4b5,sh:MinCountConstraintComponent,leco:sanctions,,No se ha identificado el actor sancionado.
cab-001-006,build/shacl_reports_quality_inferred/cab-001-006.ttl,True,Warning,https://w3id.org/leco/data/co-ahrb-cab-001-d006/event_cab-001-006_cab-001-006_s006_a001,https://w3id.org/leco/shapes/quality#JurisdictionalActParticipantQualityShape,sh:OrConstraintComponent,,https://w3id.org/leco/data/co-ahrb-cab-001-d006/event_cab-001-006_cab-001-006_s006_a001,No se ha identificado ningún participante del acto. Mantener como incompletitud si la fuente no permite establecerlo.
cab-001-006,build/shacl_reports_quality_inferred/cab-001-006.ttl,True,Warning,https://w3id.org/leco/data/co-ahrb-cab-001-d006/concept_use_cab-001-006_cab-001-006_s003_a001,_:n232605672c4e4b98ad6be4c6c320fea4b8,sh:MinCountConstraintComponent,leco:conceptUseTime,,El uso del concepto histórico no tiene todavía contexto temporal identificado. Mantener como incompletitud si la fuente o los metadatos no permiten fecharlo.
cab-001-006,build/shacl_reports_quality_inferred/cab-001-006.ttl,True,Warning,https://w3id.org/leco/data/co-ahrb-cab-001-d006/event_cab-001-006_cab-001-006_s005_a002,_:n232605672c4e4b98ad6be4c6c320fea4b5,sh:MinCountConstraintComponent,leco:sanctions,,No se ha identificado el actor sancionado.
cab-001-007,build/shacl_reports_quality_inferred/cab-001-007.ttl,True,Warning,https://w3id.org/leco/data/co-ahrb-cab-001-d007/event_cab-001-007_cab-001-007_s001_a003,_:ncf5590196edf4bd6af1ecf9ba4549f24b6,sh:MinCountConstraintComponent,leco:createsRepresentation,,El otorgamiento de poder no está enlazado todavía con una relación de representación.
cab-001-007,build/shacl_reports_quality_inferred/cab-001-007.ttl,True,Warning,https://w3id.org/leco/data/co-ahrb-cab-001-d007/event_cab-001-007_cab-001-007_s002_a002,https://w3id.org/leco/shapes/quality#JurisdictionalActParticipantQualityShape,sh:OrConstraintComponent,,https://w3id.org/leco/data/co-ahrb-cab-001-d007/event_cab-001-007_cab-001-007_s002_a002,No se ha identificado ningún participante del acto. Mantener como incompletitud si la fuente no permite establecerlo.
cab-001-007,build/shacl_reports_quality_inferred/cab-001-007.ttl,True,Warning,https://w3id.org/leco/data/co-ahrb-cab-001-d007/event_cab-001-007_cab-001-007_s002_a001,_:ncf5590196edf4bd6af1ecf9ba4549f24b8,sh:MinCountConstraintComponent,leco:withinJurisdiction,,"No se ha identificado una jurisdicción para este acto. Es una laguna de completitud, no un error estructural."
cab-001-007,build/shacl_reports_quality_inferred/cab-001-007.ttl,True,Warning,https://w3id.org/leco/data/co-ahrb-cab-001-d007/event_cab-001-007_cab-001-007_s002_a002,_:ncf5590196edf4bd6af1ecf9ba4549f24b14,sh:MinCountConstraintComponent,leco:beforeAuthority,,No se ha identificado la autoridad ante la cual se presenta la apelación.
cab-001-007,build/shacl_reports_quality_inferred/cab-001-007.ttl,True,Warning,https://w3id.org/leco/data/co-ahrb-cab-001-d007/event_cab-001-007_cab-001-007_s002_a002,_:ncf5590196edf4bd6af1ecf9ba4549f24b3,sh:MinCountConstraintComponent,leco:appealsAgainst,,No se ha identificado la decisión apelada.
cab-001-007,build/shacl_reports_quality_inferred/cab-001-007.ttl,True,Warning,https://w3id.org/leco/data/co-ahrb-cab-001-d007/event_cab-001-007_cab-001-007_s002_a001,https://w3id.org/leco/shapes/quality#JurisdictionalActParticipantQualityShape,sh:OrConstraintComponent,,https://w3id.org/leco/data/co-ahrb-cab-001-d007/event_cab-001-007_cab-001-007_s002_a001,No se ha identificado ningún participante del acto. Mantener como incompletitud si la fuente no permite establecerlo.
cab-001-007,build/shacl_reports_quality_inferred/cab-001-007.ttl,True,Warning,https://w3id.org/leco/data/co-ahrb-cab-001-d007/event_cab-001-007_cab-001-007_s003_a005,_:ncf5590196edf4bd6af1ecf9ba4549f24b6,sh:MinCountConstraintComponent,leco:createsRepresentation,,El otorgamiento de poder no está enlazado todavía con una relación de representación.
cab-001-007,build/shacl_reports_quality_inferred/cab-001-007.ttl,True,Warning,https://w3id.org/leco/data/co-ahrb-cab-001-d007/event_cab-001-007_cab-001-007_s002_a002,_:ncf5590196edf4bd6af1ecf9ba4549f24b8,sh:MinCountConstraintComponent,leco:withinJurisdiction,,"No se ha identificado una jurisdicción para este acto. Es una laguna de completitud, no un error estructural."
cab-001-007,build/shacl_reports_quality_inferred/cab-001-007.ttl,True,Warning,https://w3id.org/leco/data/co-ahrb-cab-001-d007/event_cab-001-007_cab-001-007_s001_a003,_:ncf5590196edf4bd6af1ecf9ba4549f24b8,sh:MinCountConstraintComponent,leco:withinJurisdiction,,"No se ha identificado una jurisdicción para este acto. Es una laguna de completitud, no un error estructural."
cab-001-008,build/shacl_reports_quality_inferred/cab-001-008.ttl,True,Warning,https://w3id.org/leco/data/co-ahrb-cab-001-d008/event_cab-001-008_cab-001-008_s003_a002,https://w3id.org/leco/shapes/quality#JurisdictionalActParticipantQualityShape,sh:OrConstraintComponent,,https://w3id.org/leco/data/co-ahrb-cab-001-d008/event_cab-001-008_cab-001-008_s003_a002,No se ha identificado ningún participante del acto. Mantener como incompletitud si la fuente no permite establecerlo.
cab-001-008,build/shacl_reports_quality_inferred/cab-001-008.ttl,True,Warning,https://w3id.org/leco/data/co-ahrb-cab-001-d008/event_cab-001-008_cab-001-008_s005_a003,https://w3id.org/leco/shapes/quality#JurisdictionalActParticipantQualityShape,sh:OrConstraintComponent,,https://w3id.org/leco/data/co-ahrb-cab-001-d008/event_cab-001-008_cab-001-008_s005_a003,No se ha identificado ningún participante del acto. Mantener como incompletitud si la fuente no permite establecerlo.
cab-001-008,build/shacl_reports_quality_inferred/cab-001-008.ttl,True,Warning,https://w3id.org/leco/data/co-ahrb-cab-001-d008/event_cab-001-008_cab-001-008_s005_a005,_:nc00a7f80342b451cab32565e702046e7b3,sh:MinCountConstraintComponent,leco:withinJurisdiction,,"No se ha identificado una jurisdicción para este acto. Es una laguna de completitud, no un error estructural."
cab-001-008,build/shacl_reports_quality_inferred/cab-001-008.ttl,True,Warning,https://w3id.org/leco/data/co-ahrb-cab-001-d008/event_cab-001-008_cab-001-008_s003_a002,_:nc00a7f80342b451cab32565e702046e7b3,sh:MinCountConstraintComponent,leco:withinJurisdiction,,"No se ha identificado una jurisdicción para este acto. Es una laguna de completitud, no un error estructural."
cab-001-008,build/shacl_reports_quality_inferred/cab-001-008.ttl,True,Warning,https://w3id.org/leco/data/co-ahrb-cab-001-d008/event_cab-001-008_cab-001-008_s005_a003,_:nc00a7f80342b451cab32565e702046e7b3,sh:MinCountConstraintComponent,leco:withinJurisdiction,,"No se ha identificado una jurisdicción para este acto. Es una laguna de completitud, no un error estructural."
cab-001-008,build/shacl_reports_quality_inferred/cab-001-008.ttl,True,Warning,https://w3id.org/leco/data/co-ahrb-cab-001-d008/event_cab-001-008_cab-001-008_s005_a004,_:nc00a7f80342b451cab32565e702046e7b3,sh:MinCountConstraintComponent,leco:withinJurisdiction,,"No se ha identificado una jurisdicción para este acto. Es una laguna de completitud, no un error estructural."
cab-001-008,build/shacl_reports_quality_inferred/cab-001-008.ttl,True,Warning,https://w3id.org/leco/data/co-ahrb-cab-001-d008/event_cab-001-008_cab-001-008_s003_a002,_:nc00a7f80342b451cab32565e702046e7b8,sh:MinCountConstraintComponent,leco:appointsPerson,,No se ha identificado la persona nombrada.
cab-001-008,build/shacl_reports_quality_inferred/cab-001-008.ttl,True,Warning,https://w3id.org/leco/data/co-ahrb-cab-001-d008/event_cab-001-008_cab-001-008_s005_a005,_:nc00a7f80342b451cab32565e702046e7b10,sh:MinCountConstraintComponent,leco:appointsToOffice,,No se ha identificado el oficio al que se realiza el nombramiento.
cab-001-011,build/shacl_reports_quality_inferred/cab-001-011.ttl,True,Warning,https://w3id.org/leco/data/co-ahrb-cab-001-d0011/event_cab-001-011_cab-001-011_s002_a001,_:n2c0b8dfc9fbd4d00b3f43ed1dd338e65b7,sh:MinCountConstraintComponent,leco:decidedBy,,No se ha identificado quién decidió esta decisión jurídica.
cab-001-011,build/shacl_reports_quality_inferred/cab-001-011.ttl,True,Warning,https://w3id.org/leco/data/co-ahrb-cab-001-d0011/event_cab-001-011_cab-001-011_s002_a001,https://w3id.org/leco/shapes/quality#JurisdictionalActParticipantQualityShape,sh:OrConstraintComponent,,https://w3id.org/leco/data/co-ahrb-cab-001-d0011/event_cab-001-011_cab-001-011_s002_a001,No se ha identificado ningún participante del acto. Mantener como incompletitud si la fuente no permite establecerlo.
cab-001-011,build/shacl_reports_quality_inferred/cab-001-011.ttl,True,Warning,https://w3id.org/leco/data/co-ahrb-cab-001-d0011/event_cab-001-011_cab-001-011_s002_a002,_:n2c0b8dfc9fbd4d00b3f43ed1dd338e65b3,sh:MinCountConstraintComponent,leco:withinJurisdiction,,"No se ha identificado una jurisdicción para este acto. Es una laguna de completitud, no un error estructural."
cab-001-011,build/shacl_reports_quality_inferred/cab-001-011.ttl,True,Warning,https://w3id.org/leco/data/co-ahrb-cab-001-d0011/event_cab-001-011_cab-001-011_s001_a005,_:n2c0b8dfc9fbd4d00b3f43ed1dd338e65b3,sh:MinCountConstraintComponent,leco:withinJurisdiction,,"No se ha identificado una jurisdicción para este acto. Es una laguna de completitud, no un error estructural."
cab-001-011,build/shacl_reports_quality_inferred/cab-001-011.ttl,True,Warning,https://w3id.org/leco/data/co-ahrb-cab-001-d0011/event_cab-001-011_cab-001-011_s001_a007,_:n2c0b8dfc9fbd4d00b3f43ed1dd338e65b3,sh:MinCountConstraintComponent,leco:withinJurisdiction,,"No se ha identificado una jurisdicción para este acto. Es una laguna de completitud, no un error estructural."
cab-001-011,build/shacl_reports_quality_inferred/cab-001-011.ttl,True,Warning,https://w3id.org/leco/data/co-ahrb-cab-001-d0011/event_cab-001-011_cab-001-011_s002_a002,https://w3id.org/leco/shapes/quality#JurisdictionalActParticipantQualityShape,sh:OrConstraintComponent,,https://w3id.org/leco/data/co-ahrb-cab-001-d0011/event_cab-001-011_cab-001-011_s002_a002,No se ha identificado ningún participante del acto. Mantener como incompletitud si la fuente no permite establecerlo.
cab-001-011,build/shacl_reports_quality_inferred/cab-001-011.ttl,True,Warning,https://w3id.org/leco/data/co-ahrb-cab-001-d0011/event_cab-001-011_cab-001-011_s004_a003,_:n2c0b8dfc9fbd4d00b3f43ed1dd338e65b7,sh:MinCountConstraintComponent,leco:decidedBy,,No se ha identificado quién decidió esta decisión jurídica.
cab-001-011,build/shacl_reports_quality_inferred/cab-001-011.ttl,True,Warning,https://w3id.org/leco/data/co-ahrb-cab-001-d0011/event_cab-001-011_cab-001-011_s002_a001,_:n2c0b8dfc9fbd4d00b3f43ed1dd338e65b3,sh:MinCountConstraintComponent,leco:withinJurisdiction,,"No se ha identificado una jurisdicción para este acto. Es una laguna de completitud, no un error estructural."
cab-001-011,build/shacl_reports_quality_inferred/cab-001-011.ttl,True,Warning,https://w3id.org/leco/data/co-ahrb-cab-001-d0011/event_cab-001-011_cab-001-011_s004_a003,_:n2c0b8dfc9fbd4d00b3f43ed1dd338e65b3,sh:MinCountConstraintComponent,leco:withinJurisdiction,,"No se ha identificado una jurisdicción para este acto. Es una laguna de completitud, no un error estructural."
cab-001-012,build/shacl_reports_quality_inferred/cab-001-012.ttl,True,Warning,https://w3id.org/leco/data/co-ahrb-cab-001-d0012/event_cab-001-012_cab-001-012_s002_a006,_:nb762e5ad9f2c493ab4a813a7390c5776b8,sh:MinCountConstraintComponent,leco:withinJurisdiction,,"No se ha identificado una jurisdicción para este acto. Es una laguna de completitud, no un error estructural."
cab-001-012,build/shacl_reports_quality_inferred/cab-001-012.ttl,True,Warning,https://w3id.org/leco/data/co-ahrb-cab-001-d0012/event_cab-001-012_cab-001-012_s003_a005,_:nb762e5ad9f2c493ab4a813a7390c5776b8,sh:MinCountConstraintComponent,leco:withinJurisdiction,,"No se ha identificado una jurisdicción para este acto. Es una laguna de completitud, no un error estructural."
cab-001-012,build/shacl_reports_quality_inferred/cab-001-012.ttl,True,Warning,https://w3id.org/leco/data/co-ahrb-cab-001-d0012/event_cab-001-012_cab-001-012_s002_a003,_:nb762e5ad9f2c493ab4a813a7390c5776b8,sh:MinCountConstraintComponent,leco:withinJurisdiction,,"No se ha identificado una jurisdicción para este acto. Es una laguna de completitud, no un error estructural."
cab-001-012,build/shacl_reports_quality_inferred/cab-001-012.ttl,True,Warning,https://w3id.org/leco/data/co-ahrb-cab-001-d0012/event_cab-001-012_cab-001-012_s006_a004,_:nb762e5ad9f2c493ab4a813a7390c5776b3,sh:MinCountConstraintComponent,leco:createsRepresentation,,El otorgamiento de poder no está enlazado todavía con una relación de representación.
cab-001-012,build/shacl_reports_quality_inferred/cab-001-012.ttl,True,Warning,https://w3id.org/leco/data/co-ahrb-cab-001-d0012/event_cab-001-012_cab-001-012_s003_a005,https://w3id.org/leco/shapes/quality#JurisdictionalActParticipantQualityShape,sh:OrConstraintComponent,,https://w3id.org/leco/data/co-ahrb-cab-001-d0012/event_cab-001-012_cab-001-012_s003_a005,No se ha identificado ningún participante del acto. Mantener como incompletitud si la fuente no permite establecerlo.
cab-001-012,build/shacl_reports_quality_inferred/cab-001-012.ttl,True,Warning,https://w3id.org/leco/data/co-ahrb-cab-001-d0012/event_cab-001-012_cab-001-012_s003_a003,_:nb762e5ad9f2c493ab4a813a7390c5776b6,sh:MinCountConstraintComponent,leco:sanctions,,No se ha identificado el actor sancionado.
cab-001-012,build/shacl_reports_quality_inferred/cab-001-012.ttl,True,Warning,https://w3id.org/leco/data/co-ahrb-cab-001-d0012/event_cab-001-012_cab-001-012_s002_a001,_:nb762e5ad9f2c493ab4a813a7390c5776b8,sh:MinCountConstraintComponent,leco:withinJurisdiction,,"No se ha identificado una jurisdicción para este acto. Es una laguna de completitud, no un error estructural."
cab-001-012,build/shacl_reports_quality_inferred/cab-001-012.ttl,True,Warning,https://w3id.org/leco/data/co-ahrb-cab-001-d0012/event_cab-001-012_cab-001-012_s006_a004,_:nb762e5ad9f2c493ab4a813a7390c5776b8,sh:MinCountConstraintComponent,leco:withinJurisdiction,,"No se ha identificado una jurisdicción para este acto. Es una laguna de completitud, no un error estructural."
cab-001-016,build/shacl_reports_quality_inferred/cab-001-016.ttl,True,Warning,https://w3id.org/leco/data/co-ahrb-cab-001-d0016/event_cab-001-016_cab-001-016_s002_a005,_:n2c026e18f0c942b787978188abc4b732b3,sh:MinCountConstraintComponent,leco:withinJurisdiction,,"No se ha identificado una jurisdicción para este acto. Es una laguna de completitud, no un error estructural."
cab-001-016,build/shacl_reports_quality_inferred/cab-001-016.ttl,True,Warning,https://w3id.org/leco/data/co-ahrb-cab-001-d0016/event_cab-001-016_cab-001-016_s002_a006,_:n2c026e18f0c942b787978188abc4b732b3,sh:MinCountConstraintComponent,leco:withinJurisdiction,,"No se ha identificado una jurisdicción para este acto. Es una laguna de completitud, no un error estructural."
cab-001-016,build/shacl_reports_quality_inferred/cab-001-016.ttl,True,Warning,https://w3id.org/leco/data/co-ahrb-cab-001-d0016/event_cab-001-016_cab-001-016_s004_a004,_:n2c026e18f0c942b787978188abc4b732b3,sh:MinCountConstraintComponent,leco:withinJurisdiction,,"No se ha identificado una jurisdicción para este acto. Es una laguna de completitud, no un error estructural."
cab-001-016,build/shacl_reports_quality_inferred/cab-001-016.ttl,True,Warning,https://w3id.org/leco/data/co-ahrb-cab-001-d0016/event_cab-001-016_cab-001-016_s002_a001,_:n2c026e18f0c942b787978188abc4b732b3,sh:MinCountConstraintComponent,leco:withinJurisdiction,,"No se ha identificado una jurisdicción para este acto. Es una laguna de completitud, no un error estructural."
cab-001-016,build/shacl_reports_quality_inferred/cab-001-016.ttl,True,Warning,https://w3id.org/leco/data/co-ahrb-cab-001-d0016/event_cab-001-016_cab-001-016_s003_a003,_:n2c026e18f0c942b787978188abc4b732b3,sh:MinCountConstraintComponent,leco:withinJurisdiction,,"No se ha identificado una jurisdicción para este acto. Es una laguna de completitud, no un error estructural."
cab-001-016,build/shacl_reports_quality_inferred/cab-001-016.ttl,True,Warning,https://w3id.org/leco/data/co-ahrb-cab-001-d0016/event_cab-001-016_cab-001-016_s003_a004,_:n2c026e18f0c942b787978188abc4b732b3,sh:MinCountConstraintComponent,leco:withinJurisdiction,,"No se ha identificado una jurisdicción para este acto. Es una laguna de completitud, no un error estructural."
cab-001-018,build/shacl_reports_quality_inferred/cab-001-018.ttl,True,Warning,https://w3id.org/leco/data/co-ahrb-cab-001-d0018/event_cab-001-018_cab-001-018_s004_a002,_:nec3862af70954a13a79afdac89431873b8,sh:MinCountConstraintComponent,leco:withinJurisdiction,,"No se ha identificado una jurisdicción para este acto. Es una laguna de completitud, no un error estructural."
cab-001-018,build/shacl_reports_quality_inferred/cab-001-018.ttl,True,Warning,https://w3id.org/leco/data/co-ahrb-cab-001-d0018/event_cab-001-018_cab-001-018_s004_a002,https://w3id.org/leco/shapes/quality#JurisdictionalActParticipantQualityShape,sh:OrConstraintComponent,,https://w3id.org/leco/data/co-ahrb-cab-001-d0018/event_cab-001-018_cab-001-018_s004_a002,No se ha identificado ningún participante del acto. Mantener como incompletitud si la fuente no permite establecerlo.
cab-001-018,build/shacl_reports_quality_inferred/cab-001-018.ttl,True,Warning,https://w3id.org/leco/data/co-ahrb-cab-001-d0018/event_cab-001-018_cab-001-018_s002_a001,_:nec3862af70954a13a79afdac89431873b8,sh:MinCountConstraintComponent,leco:withinJurisdiction,,"No se ha identificado una jurisdicción para este acto. Es una laguna de completitud, no un error estructural."
cab-001-018,build/shacl_reports_quality_inferred/cab-001-018.ttl,True,Warning,https://w3id.org/leco/data/co-ahrb-cab-001-d0018/event_cab-001-018_cab-001-018_s003_a002,_:nec3862af70954a13a79afdac89431873b14,sh:MinCountConstraintComponent,leco:decidedBy,,No se ha identificado quién decidió esta decisión jurídica.
cab-001-018,build/shacl_reports_quality_inferred/cab-001-018.ttl,True,Warning,https://w3id.org/leco/data/co-ahrb-cab-001-d0018/event_cab-001-018_cab-001-018_s001_a009,_:nec3862af70954a13a79afdac89431873b3,sh:MinCountConstraintComponent,leco:createsRepresentation,,El otorgamiento de poder no está enlazado todavía con una relación de representación.
cab-001-018,build/shacl_reports_quality_inferred/cab-001-018.ttl,True,Warning,https://w3id.org/leco/data/co-ahrb-cab-001-d0018/event_cab-001-018_cab-001-018_s002_a001,https://w3id.org/leco/shapes/quality#JurisdictionalActParticipantQualityShape,sh:OrConstraintComponent,,https://w3id.org/leco/data/co-ahrb-cab-001-d0018/event_cab-001-018_cab-001-018_s002_a001,No se ha identificado ningún participante del acto. Mantener como incompletitud si la fuente no permite establecerlo.
cab-001-018,build/shacl_reports_quality_inferred/cab-001-018.ttl,True,Warning,https://w3id.org/leco/data/co-ahrb-cab-001-d0018/event_cab-001-018_cab-001-018_s003_a002,_:nec3862af70954a13a79afdac89431873b6,sh:MinCountConstraintComponent,leco:sanctions,,No se ha identificado el actor sancionado.
cab-001-018,build/shacl_reports_quality_inferred/cab-001-018.ttl,True,Warning,https://w3id.org/leco/data/co-ahrb-cab-001-d0018/event_cab-001-018_cab-001-018_s003_a002,_:nec3862af70954a13a79afdac89431873b8,sh:MinCountConstraintComponent,leco:withinJurisdiction,,"No se ha identificado una jurisdicción para este acto. Es una laguna de completitud, no un error estructural."
cab-001-018,build/shacl_reports_quality_inferred/cab-001-018.ttl,True,Warning,https://w3id.org/leco/data/co-ahrb-cab-001-d0018/event_cab-001-018_cab-001-018_s003_a002,https://w3id.org/leco/shapes/quality#JurisdictionalActParticipantQualityShape,sh:OrConstraintComponent,,https://w3id.org/leco/data/co-ahrb-cab-001-d0018/event_cab-001-018_cab-001-018_s003_a002,No se ha identificado ningún participante del acto. Mantener como incompletitud si la fuente no permite establecerlo.
cab-001-019,build/shacl_reports_quality_inferred/cab-001-019.ttl,True,Warning,https://w3id.org/leco/data/co-ahrb-cab-001-d0019/event_cab-001-019_cab-001-019_s004_a004,_:n826a485f45e543e98a8b87af5ba57b53b11,sh:MinCountConstraintComponent,leco:appealsAgainst,,No se ha identificado la decisión apelada.
cab-001-019,build/shacl_reports_quality_inferred/cab-001-019.ttl,True,Warning,https://w3id.org/leco/data/co-ahrb-cab-001-d0019/event_cab-001-019_cab-001-019_s004_a001,_:n826a485f45e543e98a8b87af5ba57b53b5,sh:MinCountConstraintComponent,leco:withinJurisdiction,,"No se ha identificado una jurisdicción para este acto. Es una laguna de completitud, no un error estructural."
cab-001-019,build/shacl_reports_quality_inferred/cab-001-019.ttl,True,Warning,https://w3id.org/leco/data/co-ahrb-cab-001-d0019/event_cab-001-019_cab-001-019_s003_a001,https://w3id.org/leco/shapes/quality#JurisdictionalActParticipantQualityShape,sh:OrConstraintComponent,,https://w3id.org/leco/data/co-ahrb-cab-001-d0019/event_cab-001-019_cab-001-019_s003_a001,No se ha identificado ningún participante del acto. Mantener como incompletitud si la fuente no permite establecerlo.
cab-001-019,build/shacl_reports_quality_inferred/cab-001-019.ttl,True,Warning,https://w3id.org/leco/data/co-ahrb-cab-001-d0019/event_cab-001-019_cab-001-019_s004_a004,_:n826a485f45e543e98a8b87af5ba57b53b15,sh:MinCountConstraintComponent,leco:beforeAuthority,,No se ha identificado la autoridad ante la cual se presenta la apelación.
cab-001-019,build/shacl_reports_quality_inferred/cab-001-019.ttl,True,Warning,https://w3id.org/leco/data/co-ahrb-cab-001-d0019/event_cab-001-019_cab-001-019_s003_a001,_:n826a485f45e543e98a8b87af5ba57b53b17,sh:MinCountConstraintComponent,leco:decidedBy,,No se ha identificado quién decidió esta decisión jurídica.
cab-001-019,build/shacl_reports_quality_inferred/cab-001-019.ttl,True,Warning,https://w3id.org/leco/data/co-ahrb-cab-001-d0019/event_cab-001-019_cab-001-019_s001_a003,https://w3id.org/leco/shapes/quality#JurisdictionalActParticipantQualityShape,sh:OrConstraintComponent,,https://w3id.org/leco/data/co-ahrb-cab-001-d0019/event_cab-001-019_cab-001-019_s001_a003,No se ha identificado ningún participante del acto. Mantener como incompletitud si la fuente no permite establecerlo.
cab-001-019,build/shacl_reports_quality_inferred/cab-001-019.ttl,True,Warning,https://w3id.org/leco/data/co-ahrb-cab-001-d0019/event_cab-001-019_cab-001-019_s001_a003,_:n826a485f45e543e98a8b87af5ba57b53b5,sh:MinCountConstraintComponent,leco:withinJurisdiction,,"No se ha identificado una jurisdicción para este acto. Es una laguna de completitud, no un error estructural."
cab-001-019,build/shacl_reports_quality_inferred/cab-001-019.ttl,True,Warning,https://w3id.org/leco/data/co-ahrb-cab-001-d0019/event_cab-001-019_cab-001-019_s004_a001,_:n826a485f45e543e98a8b87af5ba57b53b3,sh:MinCountConstraintComponent,leco:createsRepresentation,,El otorgamiento de poder no está enlazado todavía con una relación de representación.
cab-001-019,build/shacl_reports_quality_inferred/cab-001-019.ttl,True,Warning,https://w3id.org/leco/data/co-ahrb-cab-001-d0019/event_cab-001-019_cab-001-019_s004_a004,_:n826a485f45e543e98a8b87af5ba57b53b5,sh:MinCountConstraintComponent,leco:withinJurisdiction,,"No se ha identificado una jurisdicción para este acto. Es una laguna de completitud, no un error estructural."
cab-001-019,build/shacl_reports_quality_inferred/cab-001-019.ttl,True,Warning,https://w3id.org/leco/data/co-ahrb-cab-001-d0019/event_cab-001-019_cab-001-019_s003_a001,_:n826a485f45e543e98a8b87af5ba57b53b5,sh:MinCountConstraintComponent,leco:withinJurisdiction,,"No se ha identificado una jurisdicción para este acto. Es una laguna de completitud, no un error estructural."
cab-001-019,build/shacl_reports_quality_inferred/cab-001-019.ttl,True,Warning,https://w3id.org/leco/data/co-ahrb-cab-001-d0019/event_cab-001-019_cab-001-019_s003_a001,_:n826a485f45e543e98a8b87af5ba57b53b8,sh:MinCountConstraintComponent,leco:sanctions,,No se ha identificado el actor sancionado.
cab-001-019,build/shacl_reports_quality_inferred/cab-001-019.ttl,True,Warning,https://w3id.org/leco/data/co-ahrb-cab-001-d0019/event_cab-001-019_cab-001-019_s004_a005,_:n826a485f45e543e98a8b87af5ba57b53b5,sh:MinCountConstraintComponent,leco:withinJurisdiction,,"No se ha identificado una jurisdicción para este acto. Es una laguna de completitud, no un error estructural."
cab-001-038,build/shacl_reports_quality_inferred/cab-001-038.ttl,True,Warning,https://w3id.org/leco/data/co-ahrb-cab-001-d0038/event_cab-001-038_cab-001-038_s007_a003,_:n209b5903fe6047408e5d8ecde9d8e15db3,sh:MinCountConstraintComponent,leco:withinJurisdiction,,"No se ha identificado una jurisdicción para este acto. Es una laguna de completitud, no un error estructural."
cab-001-038,build/shacl_reports_quality_inferred/cab-001-038.ttl,True,Warning,https://w3id.org/leco/data/co-ahrb-cab-001-d0038/event_cab-001-038_cab-001-038_s002_a003,_:n209b5903fe6047408e5d8ecde9d8e15db3,sh:MinCountConstraintComponent,leco:withinJurisdiction,,"No se ha identificado una jurisdicción para este acto. Es una laguna de completitud, no un error estructural."
cab-001-038,build/shacl_reports_quality_inferred/cab-001-038.ttl,True,Warning,https://w3id.org/leco/data/co-ahrb-cab-001-d0038/event_cab-001-038_cab-001-038_s003_a003,_:n209b5903fe6047408e5d8ecde9d8e15db3,sh:MinCountConstraintComponent,leco:withinJurisdiction,,"No se ha identificado una jurisdicción para este acto. Es una laguna de completitud, no un error estructural."
cab-001-038,build/shacl_reports_quality_inferred/cab-001-038.ttl,True,Warning,https://w3id.org/leco/data/co-ahrb-cab-001-d0038/event_cab-001-038_cab-001-038_s004_a005,_:n209b5903fe6047408e5d8ecde9d8e15db3,sh:MinCountConstraintComponent,leco:withinJurisdiction,,"No se ha identificado una jurisdicción para este acto. Es una laguna de completitud, no un error estructural."
cab-001-038,build/shacl_reports_quality_inferred/cab-001-038.ttl,True,Warning,https://w3id.org/leco/data/co-ahrb-cab-001-d0038/event_cab-001-038_cab-001-038_s004_a002,_:n209b5903fe6047408e5d8ecde9d8e15db3,sh:MinCountConstraintComponent,leco:withinJurisdiction,,"No se ha identificado una jurisdicción para este acto. Es una laguna de completitud, no un error estructural."
cab-001-038,build/shacl_reports_quality_inferred/cab-001-038.ttl,True,Warning,https://w3id.org/leco/data/co-ahrb-cab-001-d0038/event_cab-001-038_cab-001-038_s006_a002,_:n209b5903fe6047408e5d8ecde9d8e15db3,sh:MinCountConstraintComponent,leco:withinJurisdiction,,"No se ha identificado una jurisdicción para este acto. Es una laguna de completitud, no un error estructural."
cab-001-038,build/shacl_reports_quality_inferred/cab-001-038.ttl,True,Warning,https://w3id.org/leco/data/co-ahrb-cab-001-d0038/event_cab-001-038_cab-001-038_s004_a005,https://w3id.org/leco/shapes/quality#JurisdictionalActParticipantQualityShape,sh:OrConstraintComponent,,https://w3id.org/leco/data/co-ahrb-cab-001-d0038/event_cab-001-038_cab-001-038_s004_a005,No se ha identificado ningún participante del acto. Mantener como incompletitud si la fuente no permite establecerlo.
cab-001-038,build/shacl_reports_quality_inferred/cab-001-038.ttl,True,Warning,https://w3id.org/leco/data/co-ahrb-cab-001-d0038/event_cab-001-038_cab-001-038_s003_a003,https://w3id.org/leco/shapes/quality#JurisdictionalActParticipantQualityShape,sh:OrConstraintComponent,,https://w3id.org/leco/data/co-ahrb-cab-001-d0038/event_cab-001-038_cab-001-038_s003_a003,No se ha identificado ningún participante del acto. Mantener como incompletitud si la fuente no permite establecerlo.
cab-001-038,build/shacl_reports_quality_inferred/cab-001-038.ttl,True,Warning,https://w3id.org/leco/data/co-ahrb-cab-001-d0038/event_cab-001-038_cab-001-038_s007_a003,https://w3id.org/leco/shapes/quality#JurisdictionalActParticipantQualityShape,sh:OrConstraintComponent,,https://w3id.org/leco/data/co-ahrb-cab-001-d0038/event_cab-001-038_cab-001-038_s007_a003,No se ha identificado ningún participante del acto. Mantener como incompletitud si la fuente no permite establecerlo.
cab-001-038,build/shacl_reports_quality_inferred/cab-001-038.ttl,True,Warning,https://w3id.org/leco/data/co-ahrb-cab-001-d0038/event_cab-001-038_cab-001-038_s007_a010,_:n209b5903fe6047408e5d8ecde9d8e15db3,sh:MinCountConstraintComponent,leco:withinJurisdiction,,"No se ha identificado una jurisdicción para este acto. Es una laguna de completitud, no un error estructural."
cab-001-038,build/shacl_reports_quality_inferred/cab-001-038.ttl,True,Warning,https://w3id.org/leco/data/co-ahrb-cab-001-d0038/event_cab-001-038_cab-001-038_s004_a009,_:n209b5903fe6047408e5d8ecde9d8e15db3,sh:MinCountConstraintComponent,leco:withinJurisdiction,,"No se ha identificado una jurisdicción para este acto. Es una laguna de completitud, no un error estructural."
cab-001-038,build/shacl_reports_quality_inferred/cab-001-038.ttl,True,Warning,https://w3id.org/leco/data/co-ahrb-cab-001-d0038/event_cab-001-038_cab-001-038_s002_a002,_:n209b5903fe6047408e5d8ecde9d8e15db3,sh:MinCountConstraintComponent,leco:withinJurisdiction,,"No se ha identificado una jurisdicción para este acto. Es una laguna de completitud, no un error estructural."
cab-001-038,build/shacl_reports_quality_inferred/cab-001-038.ttl,True,Warning,https://w3id.org/leco/data/co-ahrb-cab-001-d0038/event_cab-001-038_cab-001-038_s007_a010,https://w3id.org/leco/shapes/quality#JurisdictionalActParticipantQualityShape,sh:OrConstraintComponent,,https://w3id.org/leco/data/co-ahrb-cab-001-d0038/event_cab-001-038_cab-001-038_s007_a010,No se ha identificado ningún participante del acto. Mantener como incompletitud si la fuente no permite establecerlo.
cab-001-038,build/shacl_reports_quality_inferred/cab-001-038.ttl,True,Warning,https://w3id.org/leco/data/co-ahrb-cab-001-d0038/event_cab-001-038_cab-001-038_s004_a003,_:n209b5903fe6047408e5d8ecde9d8e15db3,sh:MinCountConstraintComponent,leco:withinJurisdiction,,"No se ha identificado una jurisdicción para este acto. Es una laguna de completitud, no un error estructural."
cab-001-038,build/shacl_reports_quality_inferred/cab-001-038.ttl,True,Warning,https://w3id.org/leco/data/co-ahrb-cab-001-d0038/event_cab-001-038_cab-001-038_s004_a009,https://w3id.org/leco/shapes/quality#JurisdictionalActParticipantQualityShape,sh:OrConstraintComponent,,https://w3id.org/leco/data/co-ahrb-cab-001-d0038/event_cab-001-038_cab-001-038_s004_a009,No se ha identificado ningún participante del acto. Mantener como incompletitud si la fuente no permite establecerlo.
cab-001-038,build/shacl_reports_quality_inferred/cab-001-038.ttl,True,Warning,https://w3id.org/leco/data/co-ahrb-cab-001-d0038/event_cab-001-038_cab-001-038_s002_a003,_:n209b5903fe6047408e5d8ecde9d8e15db25,sh:MinCountConstraintComponent,leco:sanctions,,No se ha identificado el actor sancionado.
cab-001-038,build/shacl_reports_quality_inferred/cab-001-038.ttl,True,Warning,https://w3id.org/leco/data/co-ahrb-cab-001-d0038/event_cab-001-038_cab-001-038_s002_a003,_:n209b5903fe6047408e5d8ecde9d8e15db27,sh:MinCountConstraintComponent,leco:decidedBy,,No se ha identificado quién decidió esta decisión jurídica.
cab-001-038,build/shacl_reports_quality_inferred/cab-001-038.ttl,True,Warning,https://w3id.org/leco/data/co-ahrb-cab-001-d0038/event_cab-001-038_cab-001-038_s007_a004,_:n209b5903fe6047408e5d8ecde9d8e15db3,sh:MinCountConstraintComponent,leco:withinJurisdiction,,"No se ha identificado una jurisdicción para este acto. Es una laguna de completitud, no un error estructural."
cab-001-038,build/shacl_reports_quality_inferred/cab-001-038.ttl,True,Warning,https://w3id.org/leco/data/co-ahrb-cab-001-d0038/event_cab-001-038_cab-001-038_s004_a002,https://w3id.org/leco/shapes/quality#JurisdictionalActParticipantQualityShape,sh:OrConstraintComponent,,https://w3id.org/leco/data/co-ahrb-cab-001-d0038/event_cab-001-038_cab-001-038_s004_a002,No se ha identificado ningún participante del acto. Mantener como incompletitud si la fuente no permite establecerlo.
cab-001-038,build/shacl_reports_quality_inferred/cab-001-038.ttl,True,Warning,https://w3id.org/leco/data/co-ahrb-cab-001-d0038/event_cab-001-038_cab-001-038_s003_a003,_:n209b5903fe6047408e5d8ecde9d8e15db7,sh:MinCountConstraintComponent,leco:createsRepresentation,,El otorgamiento de poder no está enlazado todavía con una relación de representación.
cab-001-038,build/shacl_reports_quality_inferred/cab-001-038.ttl,True,Warning,https://w3id.org/leco/data/co-ahrb-cab-001-d0038/event_cab-001-038_cab-001-038_s002_a002,https://w3id.org/leco/shapes/quality#JurisdictionalActParticipantQualityShape,sh:OrConstraintComponent,,https://w3id.org/leco/data/co-ahrb-cab-001-d0038/event_cab-001-038_cab-001-038_s002_a002,No se ha identificado ningún participante del acto. Mantener como incompletitud si la fuente no permite establecerlo.
cab-001-038,build/shacl_reports_quality_inferred/cab-001-038.ttl,True,Warning,https://w3id.org/leco/data/co-ahrb-cab-001-d0038/event_cab-001-038_cab-001-038_s002_a003,https://w3id.org/leco/shapes/quality#JurisdictionalActParticipantQualityShape,sh:OrConstraintComponent,,https://w3id.org/leco/data/co-ahrb-cab-001-d0038/event_cab-001-038_cab-001-038_s002_a003,No se ha identificado ningún participante del acto. Mantener como incompletitud si la fuente no permite establecerlo.
cab-001-039,build/shacl_reports_quality_inferred/cab-001-039.ttl,True,Warning,https://w3id.org/leco/data/co-ahrb-cab-001-d0039/event_cab-001-039_cab-001-039_s006_a001,_:nc04f9d9c9ef9443ea61fb9e6c070f455b3,sh:MinCountConstraintComponent,leco:withinJurisdiction,,"No se ha identificado una jurisdicción para este acto. Es una laguna de completitud, no un error estructural."
cab-001-039,build/shacl_reports_quality_inferred/cab-001-039.ttl,True,Warning,https://w3id.org/leco/data/co-ahrb-cab-001-d0039/event_cab-001-039_cab-001-039_s003_a004,https://w3id.org/leco/shapes/quality#JurisdictionalActParticipantQualityShape,sh:OrConstraintComponent,,https://w3id.org/leco/data/co-ahrb-cab-001-d0039/event_cab-001-039_cab-001-039_s003_a004,No se ha identificado ningún participante del acto. Mantener como incompletitud si la fuente no permite establecerlo.
cab-001-039,build/shacl_reports_quality_inferred/cab-001-039.ttl,True,Warning,https://w3id.org/leco/data/co-ahrb-cab-001-d0039/event_cab-001-039_cab-001-039_s002_a002,_:nc04f9d9c9ef9443ea61fb9e6c070f455b3,sh:MinCountConstraintComponent,leco:withinJurisdiction,,"No se ha identificado una jurisdicción para este acto. Es una laguna de completitud, no un error estructural."
cab-001-039,build/shacl_reports_quality_inferred/cab-001-039.ttl,True,Warning,https://w3id.org/leco/data/co-ahrb-cab-001-d0039/event_cab-001-039_cab-001-039_s005_a007,_:nc04f9d9c9ef9443ea61fb9e6c070f455b3,sh:MinCountConstraintComponent,leco:withinJurisdiction,,"No se ha identificado una jurisdicción para este acto. Es una laguna de completitud, no un error estructural."
cab-001-039,build/shacl_reports_quality_inferred/cab-001-039.ttl,True,Warning,https://w3id.org/leco/data/co-ahrb-cab-001-d0039/event_cab-001-039_cab-001-039_s003_a004,_:nc04f9d9c9ef9443ea61fb9e6c070f455b3,sh:MinCountConstraintComponent,leco:withinJurisdiction,,"No se ha identificado una jurisdicción para este acto. Es una laguna de completitud, no un error estructural."
cab-001-039,build/shacl_reports_quality_inferred/cab-001-039.ttl,True,Warning,https://w3id.org/leco/data/co-ahrb-cab-001-d0039/event_cab-001-039_cab-001-039_s005_a005,_:nc04f9d9c9ef9443ea61fb9e6c070f455b3,sh:MinCountConstraintComponent,leco:withinJurisdiction,,"No se ha identificado una jurisdicción para este acto. Es una laguna de completitud, no un error estructural."
cab-001-039,build/shacl_reports_quality_inferred/cab-001-039.ttl,True,Warning,https://w3id.org/leco/data/co-ahrb-cab-001-d0039/event_cab-001-039_cab-001-039_s002_a002,https://w3id.org/leco/shapes/quality#JurisdictionalActParticipantQualityShape,sh:OrConstraintComponent,,https://w3id.org/leco/data/co-ahrb-cab-001-d0039/event_cab-001-039_cab-001-039_s002_a002,No se ha identificado ningún participante del acto. Mantener como incompletitud si la fuente no permite establecerlo.
cab-001-039,build/shacl_reports_quality_inferred/cab-001-039.ttl,True,Warning,https://w3id.org/leco/data/co-ahrb-cab-001-d0039/event_cab-001-039_cab-001-039_s005_a006,_:nc04f9d9c9ef9443ea61fb9e6c070f455b3,sh:MinCountConstraintComponent,leco:withinJurisdiction,,"No se ha identificado una jurisdicción para este acto. Es una laguna de completitud, no un error estructural."
cab-001-039,build/shacl_reports_quality_inferred/cab-001-039.ttl,True,Warning,https://w3id.org/leco/data/co-ahrb-cab-001-d0039/event_cab-001-039_cab-001-039_s005_a004,_:nc04f9d9c9ef9443ea61fb9e6c070f455b3,sh:MinCountConstraintComponent,leco:withinJurisdiction,,"No se ha identificado una jurisdicción para este acto. Es una laguna de completitud, no un error estructural."
cab-001-039,build/shacl_reports_quality_inferred/cab-001-039.ttl,True,Warning,https://w3id.org/leco/data/co-ahrb-cab-001-d0039/event_cab-001-039_cab-001-039_s005_a008,_:nc04f9d9c9ef9443ea61fb9e6c070f455b3,sh:MinCountConstraintComponent,leco:withinJurisdiction,,"No se ha identificado una jurisdicción para este acto. Es una laguna de completitud, no un error estructural."
cab-001-040,build/shacl_reports_quality_inferred/cab-001-040.ttl,True,Warning,https://w3id.org/leco/data/co-ahrb-cab-001-d0040/event_cab-001-040_cab-001-040_s003_a005,_:n0974879629294dbebd615191c2a3850db3,sh:MinCountConstraintComponent,leco:withinJurisdiction,,"No se ha identificado una jurisdicción para este acto. Es una laguna de completitud, no un error estructural."
cab-001-040,build/shacl_reports_quality_inferred/cab-001-040.ttl,True,Warning,https://w3id.org/leco/data/co-ahrb-cab-001-d0040/event_cab-001-040_cab-001-040_s003_a009,_:n0974879629294dbebd615191c2a3850db3,sh:MinCountConstraintComponent,leco:withinJurisdiction,,"No se ha identificado una jurisdicción para este acto. Es una laguna de completitud, no un error estructural."
cab-001-040,build/shacl_reports_quality_inferred/cab-001-040.ttl,True,Warning,https://w3id.org/leco/data/co-ahrb-cab-001-d0040/event_cab-001-040_cab-001-040_s003_a005,https://w3id.org/leco/shapes/quality#JurisdictionalActParticipantQualityShape,sh:OrConstraintComponent,,https://w3id.org/leco/data/co-ahrb-cab-001-d0040/event_cab-001-040_cab-001-040_s003_a005,No se ha identificado ningún participante del acto. Mantener como incompletitud si la fuente no permite establecerlo.
cab-001-040,build/shacl_reports_quality_inferred/cab-001-040.ttl,True,Warning,https://w3id.org/leco/data/co-ahrb-cab-001-d0040/event_cab-001-040_cab-001-040_s003_a009,https://w3id.org/leco/shapes/quality#JurisdictionalActParticipantQualityShape,sh:OrConstraintComponent,,https://w3id.org/leco/data/co-ahrb-cab-001-d0040/event_cab-001-040_cab-001-040_s003_a009,No se ha identificado ningún participante del acto. Mantener como incompletitud si la fuente no permite establecerlo.
cab-001-040,build/shacl_reports_quality_inferred/cab-001-040.ttl,True,Warning,https://w3id.org/leco/data/co-ahrb-cab-001-d0040/event_cab-001-040_cab-001-040_s003_a005,_:n0974879629294dbebd615191c2a3850db8,sh:MinCountConstraintComponent,leco:createsRepresentation,,El otorgamiento de poder no está enlazado todavía con una relación de representación.
cab-001-042,build/shacl_reports_quality_inferred/cab-001-042.ttl,True,Warning,https://w3id.org/leco/data/co-ahrb-cab-001-d0042/event_cab-001-042_cab-001-042_s007_a003,_:nf625345094874944972f1a90251ced8cb3,sh:MinCountConstraintComponent,leco:withinJurisdiction,,"No se ha identificado una jurisdicción para este acto. Es una laguna de completitud, no un error estructural."
cab-001-042,build/shacl_reports_quality_inferred/cab-001-042.ttl,True,Warning,https://w3id.org/leco/data/co-ahrb-cab-001-d0042/event_cab-001-042_cab-001-042_s003_a001,_:nf625345094874944972f1a90251ced8cb12,sh:MinCountConstraintComponent,leco:decidedBy,,No se ha identificado quién decidió esta decisión jurídica.
cab-001-042,build/shacl_reports_quality_inferred/cab-001-042.ttl,True,Warning,https://w3id.org/leco/data/co-ahrb-cab-001-d0042/event_cab-001-042_cab-001-042_s007_a002,_:nf625345094874944972f1a90251ced8cb3,sh:MinCountConstraintComponent,leco:withinJurisdiction,,"No se ha identificado una jurisdicción para este acto. Es una laguna de completitud, no un error estructural."
cab-001-042,build/shacl_reports_quality_inferred/cab-001-042.ttl,True,Warning,https://w3id.org/leco/data/co-ahrb-cab-001-d0042/event_cab-001-042_cab-001-042_s008_a001,_:nf625345094874944972f1a90251ced8cb3,sh:MinCountConstraintComponent,leco:withinJurisdiction,,"No se ha identificado una jurisdicción para este acto. Es una laguna de completitud, no un error estructural."
cab-001-042,build/shacl_reports_quality_inferred/cab-001-042.ttl,True,Warning,https://w3id.org/leco/data/co-ahrb-cab-001-d0042/event_cab-001-042_cab-001-042_s008_a002,https://w3id.org/leco/shapes/quality#JurisdictionalActParticipantQualityShape,sh:OrConstraintComponent,,https://w3id.org/leco/data/co-ahrb-cab-001-d0042/event_cab-001-042_cab-001-042_s008_a002,No se ha identificado ningún participante del acto. Mantener como incompletitud si la fuente no permite establecerlo.
cab-001-042,build/shacl_reports_quality_inferred/cab-001-042.ttl,True,Warning,https://w3id.org/leco/data/co-ahrb-cab-001-d0042/event_cab-001-042_cab-001-042_s001_a006,_:nf625345094874944972f1a90251ced8cb3,sh:MinCountConstraintComponent,leco:withinJurisdiction,,"No se ha identificado una jurisdicción para este acto. Es una laguna de completitud, no un error estructural."
cab-001-042,build/shacl_reports_quality_inferred/cab-001-042.ttl,True,Warning,https://w3id.org/leco/data/co-ahrb-cab-001-d0042/event_cab-001-042_cab-001-042_s003_a001,_:nf625345094874944972f1a90251ced8cb5,sh:MinCountConstraintComponent,leco:sanctions,,No se ha identificado el actor sancionado.
cab-001-042,build/shacl_reports_quality_inferred/cab-001-042.ttl,True,Warning,https://w3id.org/leco/data/co-ahrb-cab-001-d0042/event_cab-001-042_cab-001-042_s008_a002,_:nf625345094874944972f1a90251ced8cb3,sh:MinCountConstraintComponent,leco:withinJurisdiction,,"No se ha identificado una jurisdicción para este acto. Es una laguna de completitud, no un error estructural."
cab-001-042,build/shacl_reports_quality_inferred/cab-001-042.ttl,True,Warning,https://w3id.org/leco/data/co-ahrb-cab-001-d0042/event_cab-001-042_cab-001-042_s003_a001,https://w3id.org/leco/shapes/quality#JurisdictionalActParticipantQualityShape,sh:OrConstraintComponent,,https://w3id.org/leco/data/co-ahrb-cab-001-d0042/event_cab-001-042_cab-001-042_s003_a001,No se ha identificado ningún participante del acto. Mantener como incompletitud si la fuente no permite establecerlo.
cab-001-042,build/shacl_reports_quality_inferred/cab-001-042.ttl,True,Warning,https://w3id.org/leco/data/co-ahrb-cab-001-d0042/event_cab-001-042_cab-001-042_s003_a001,_:nf625345094874944972f1a90251ced8cb3,sh:MinCountConstraintComponent,leco:withinJurisdiction,,"No se ha identificado una jurisdicción para este acto. Es una laguna de completitud, no un error estructural."
cab-001-042,build/shacl_reports_quality_inferred/cab-001-042.ttl,True,Warning,https://w3id.org/leco/data/co-ahrb-cab-001-d0042/event_cab-001-042_cab-001-042_s008_a001,https://w3id.org/leco/shapes/quality#JurisdictionalActParticipantQualityShape,sh:OrConstraintComponent,,https://w3id.org/leco/data/co-ahrb-cab-001-d0042/event_cab-001-042_cab-001-042_s008_a001,No se ha identificado ningún participante del acto. Mantener como incompletitud si la fuente no permite establecerlo.
cab-001-046,build/shacl_reports_quality_inferred/cab-001-046.ttl,True,Warning,https://w3id.org/leco/data/co-ahrb-cab-001-d0046/event_cab-001-046_cab-001-046_s002_a003,https://w3id.org/leco/shapes/quality#JurisdictionalActParticipantQualityShape,sh:OrConstraintComponent,,https://w3id.org/leco/data/co-ahrb-cab-001-d0046/event_cab-001-046_cab-001-046_s002_a003,No se ha identificado ningún participante del acto. Mantener como incompletitud si la fuente no permite establecerlo.
cab-001-046,build/shacl_reports_quality_inferred/cab-001-046.ttl,True,Warning,https://w3id.org/leco/data/co-ahrb-cab-001-d0046/event_cab-001-046_cab-001-046_s002_a003,_:n067f6286fe904462be2a7d0002267d98b4,sh:MinCountConstraintComponent,leco:withinJurisdiction,,"No se ha identificado una jurisdicción para este acto. Es una laguna de completitud, no un error estructural."
cab-001-046,build/shacl_reports_quality_inferred/cab-001-046.ttl,True,Warning,https://w3id.org/leco/data/co-ahrb-cab-001-d0046/concept_use_cab-001-046_cab-001-046_s013_a002,_:n067f6286fe904462be2a7d0002267d98b6,sh:MinCountConstraintComponent,leco:conceptUseJurisdiction,,El uso del concepto histórico no tiene todavía contexto jurisdiccional identificado.
cab-001-046,build/shacl_reports_quality_inferred/cab-001-046.ttl,True,Warning,https://w3id.org/leco/data/co-ahrb-cab-001-d0046/event_cab-001-046_cab-001-046_s001_a005,_:n067f6286fe904462be2a7d0002267d98b4,sh:MinCountConstraintComponent,leco:withinJurisdiction,,"No se ha identificado una jurisdicción para este acto. Es una laguna de completitud, no un error estructural."
cab-001-046,build/shacl_reports_quality_inferred/cab-001-046.ttl,True,Warning,https://w3id.org/leco/data/co-ahrb-cab-001-d0046/event_cab-001-046_cab-001-046_s002_a002,_:n067f6286fe904462be2a7d0002267d98b4,sh:MinCountConstraintComponent,leco:withinJurisdiction,,"No se ha identificado una jurisdicción para este acto. Es una laguna de completitud, no un error estructural."
cab-001-055,build/shacl_reports_quality_inferred/cab-001-055.ttl,True,Warning,https://w3id.org/leco/data/co-ahrb-cab-001-d0055/event_cab-001-055_cab-001-055_s005_a002,_:n900952329bf849ba8210821ec768542eb3,sh:MinCountConstraintComponent,leco:withinJurisdiction,,"No se ha identificado una jurisdicción para este acto. Es una laguna de completitud, no un error estructural."
cab-001-055,build/shacl_reports_quality_inferred/cab-001-055.ttl,True,Warning,https://w3id.org/leco/data/co-ahrb-cab-001-d0055/event_cab-001-055_cab-001-055_s004_a002,_:n900952329bf849ba8210821ec768542eb3,sh:MinCountConstraintComponent,leco:withinJurisdiction,,"No se ha identificado una jurisdicción para este acto. Es una laguna de completitud, no un error estructural."
cab-001-055,build/shacl_reports_quality_inferred/cab-001-055.ttl,True,Warning,https://w3id.org/leco/data/co-ahrb-cab-001-d0055/event_cab-001-055_cab-001-055_s005_a002,https://w3id.org/leco/shapes/quality#JurisdictionalActParticipantQualityShape,sh:OrConstraintComponent,,https://w3id.org/leco/data/co-ahrb-cab-001-d0055/event_cab-001-055_cab-001-055_s005_a002,No se ha identificado ningún participante del acto. Mantener como incompletitud si la fuente no permite establecerlo.
cab-001-055,build/shacl_reports_quality_inferred/cab-001-055.ttl,True,Warning,https://w3id.org/leco/data/co-ahrb-cab-001-d0055/event_cab-001-055_cab-001-055_s003_a001,_:n900952329bf849ba8210821ec768542eb3,sh:MinCountConstraintComponent,leco:withinJurisdiction,,"No se ha identificado una jurisdicción para este acto. Es una laguna de completitud, no un error estructural."
cab-001-055,build/shacl_reports_quality_inferred/cab-001-055.ttl,True,Warning,https://w3id.org/leco/data/co-ahrb-cab-001-d0055/event_cab-001-055_cab-001-055_s002_a002,_:n900952329bf849ba8210821ec768542eb3,sh:MinCountConstraintComponent,leco:withinJurisdiction,,"No se ha identificado una jurisdicción para este acto. Es una laguna de completitud, no un error estructural."
cab-001-055,build/shacl_reports_quality_inferred/cab-001-055.ttl,True,Warning,https://w3id.org/leco/data/co-ahrb-cab-001-d0055/event_cab-001-055_cab-001-055_s002_a003,_:n900952329bf849ba8210821ec768542eb3,sh:MinCountConstraintComponent,leco:withinJurisdiction,,"No se ha identificado una jurisdicción para este acto. Es una laguna de completitud, no un error estructural."
cab-001-056,build/shacl_reports_quality_inferred/cab-001-056.ttl,True,Warning,https://w3id.org/leco/data/co-ahrb-cab-001-d0056/event_cab-001-056_cab-001-056_s002_a002,_:naabbf60b16df496fa6e0189b3a9ca391b3,sh:MinCountConstraintComponent,leco:sanctions,,No se ha identificado el actor sancionado.
