document,severity,source_shape,constraint,result_path,message,count
cab-001-002,Warning,_:n37803fc277cf4e0bae3ca740ddda7cfbb8,sh:MinCountConstraintComponent,leco:appointsPerson,No se ha identificado la persona nombrada.,1
cab-001-002,Warning,_:n37803fc277cf4e0bae3ca740ddda7cfbb6,sh:MinCountConstraintComponent,leco:appointsToOffice,No se ha identificado el oficio al que se realiza el nombramiento.,1
cab-001-002,Warning,_:n37803fc277cf4e0bae3ca740ddda7cfbb3,sh:MinCountConstraintComponent,leco:withinJurisdiction,"No se ha identificado una jurisdicción para este acto. Es una laguna de completitud, no un error estructural.",6
cab-001-003,Warning,https://w3id.org/leco/shapes/quality#JurisdictionalActParticipantQualityShape,sh:OrConstraintComponent,,No se ha identificado ningún participante del acto. Mantener como incompletitud si la fuente no permite establecerlo.,3
cab-001-003,Warning,_:n6257809d63fb4e459d4ff928dcb85b64b18,sh:MinCountConstraintComponent,leco:conceptUseJurisdiction,El uso del concepto histórico no tiene todavía contexto jurisdiccional identificado.,1
cab-001-003,Warning,_:n6257809d63fb4e459d4ff928dcb85b64b6,sh:MinCountConstraintComponent,leco:decidedBy,No se ha identificado quién decidió esta decisión jurídica.,1
cab-001-003,Warning,_:n6257809d63fb4e459d4ff928dcb85b64b9,sh:MinCountConstraintComponent,leco:resultsInLegalArrangement,El repartimiento no está enlazado todavía con el arreglo o régimen jurídico resultante.,2
cab-001-003,Warning,_:n6257809d63fb4e459d4ff928dcb85b64b3,sh:MinCountConstraintComponent,leco:withinJurisdiction,"No se ha identificado una jurisdicción para este acto. Es una laguna de completitud, no un error estructural.",6
cab-001-004,Warning,https://w3id.org/leco/shapes/quality#JurisdictionalActParticipantQualityShape,sh:OrConstraintComponent,,No se ha identificado ningún participante del acto. Mantener como incompletitud si la fuente no permite establecerlo.,5
cab-001-004,Warning,_:n42a8080e771a4f1e88415d92383d3bb7b12,sh:MinCountConstraintComponent,leco:createsRepresentation,El otorgamiento de poder no está enlazado todavía con una relación de representación.,1
cab-001-004,Warning,_:n42a8080e771a4f1e88415d92383d3bb7b3,sh:MinCountConstraintComponent,leco:decidedBy,No se ha identificado quién decidió esta decisión jurídica.,1
cab-001-004,Warning,_:n42a8080e771a4f1e88415d92383d3bb7b9,sh:MinCountConstraintComponent,leco:resultsInLegalArrangement,El repartimiento no está enlazado todavía con el arreglo o régimen jurídico resultante.,1
cab-001-004,Warning,_:n42a8080e771a4f1e88415d92383d3bb7b6,sh:MinCountConstraintComponent,leco:withinJurisdiction,"No se ha identificado una jurisdicción para este acto. Es una laguna de completitud, no un error estructural.",15
cab-001-006,Warning,https://w3id.org/leco/shapes/quality#JurisdictionalActParticipantQualityShape,sh:OrConstraintComponent,,No se ha identificado ningún participante del acto. Mantener como incompletitud si la fuente no permite establecerlo.,5
cab-001-006,Warning,_:n3171e0f4be5b44d6baef1d506515f4e5b3,sh:MinCountConstraintComponent,leco:appointsPerson,No se ha identificado la persona nombrada.,1
cab-001-006,Warning,_:n3171e0f4be5b44d6baef1d506515f4e5b22,sh:MinCountConstraintComponent,leco:appointsToOffice,No se ha identificado el oficio al que se realiza el nombramiento.,1
cab-001-006,Warning,_:n3171e0f4be5b44d6baef1d506515f4e5b20,sh:MinCountConstraintComponent,leco:conceptUseTime,El uso del concepto histórico no tiene todavía contexto temporal identificado. Mantener como incompletitud si la fuente o los metadatos no permiten fecharlo.,2
cab-001-006,Warning,_:n3171e0f4be5b44d6baef1d506515f4e5b7,sh:MinCountConstraintComponent,leco:decidedBy,No se ha identificado quién decidió esta decisión jurídica.,3
cab-001-006,Warning,_:n3171e0f4be5b44d6baef1d506515f4e5b13,sh:MinCountConstraintComponent,leco:sanctions,No se ha identificado el actor sancionado.,3
cab-001-006,Warning,_:n3171e0f4be5b44d6baef1d506515f4e5b9,sh:MinCountConstraintComponent,leco:withinJurisdiction,"No se ha identificado una jurisdicción para este acto. Es una laguna de completitud, no un error estructural.",5
cab-001-007,Warning,_:n47265b64ebd743bfb25a0a8dab28603fb3,sh:MinCountConstraintComponent,leco:appealsAgainst,No se ha identificado la decisión apelada.,1
cab-001-007,Warning,_:n47265b64ebd743bfb25a0a8dab28603fb7,sh:MinCountConstraintComponent,leco:beforeAuthority,No se ha identificado la autoridad ante la cual se presenta la apelación.,1
cab-001-007,Warning,_:n47265b64ebd743bfb25a0a8dab28603fb5,sh:MinCountConstraintComponent,leco:createsRepresentation,El otorgamiento de poder no está enlazado todavía con una relación de representación.,2
cab-001-007,Warning,_:n47265b64ebd743bfb25a0a8dab28603fb9,sh:MinCountConstraintComponent,leco:withinJurisdiction,"No se ha identificado una jurisdicción para este acto. Es una laguna de completitud, no un error estructural.",3
cab-001-008,Warning,_:n5e343a5df7bb49709ca3406ce9693db0b3,sh:MinCountConstraintComponent,leco:appointsPerson,No se ha identificado la persona nombrada.,1
cab-001-008,Warning,_:n5e343a5df7bb49709ca3406ce9693db0b9,sh:MinCountConstraintComponent,leco:appointsToOffice,No se ha identificado el oficio al que se realiza el nombramiento.,1
cab-001-008,Warning,_:n5e343a5df7bb49709ca3406ce9693db0b5,sh:MinCountConstraintComponent,leco:withinJurisdiction,"No se ha identificado una jurisdicción para este acto. Es una laguna de completitud, no un error estructural.",3
cab-001-011,Warning,https://w3id.org/leco/shapes/quality#JurisdictionalActParticipantQualityShape,sh:OrConstraintComponent,,No se ha identificado ningún participante del acto. Mantener como incompletitud si la fuente no permite establecerlo.,1
cab-001-011,Warning,_:n48cdbfd065424a6aa0b6fe7c9b63f813b8,sh:MinCountConstraintComponent,leco:decidedBy,No se ha identificado quién decidió esta decisión jurídica.,2
cab-001-011,Warning,_:n48cdbfd065424a6aa0b6fe7c9b63f813b4,sh:MinCountConstraintComponent,leco:withinJurisdiction,"No se ha identificado una jurisdicción para este acto. Es una laguna de completitud, no un error estructural.",5
cab-001-012,Warning,_:n4785bf3c3deb4c2cbcfdd9683d857692b8,sh:MinCountConstraintComponent,leco:createsRepresentation,El otorgamiento de poder no está enlazado todavía con una relación de representación.,1
cab-001-012,Warning,_:n4785bf3c3deb4c2cbcfdd9683d857692b6,sh:MinCountConstraintComponent,leco:sanctions,No se ha identificado el actor sancionado.,1
cab-001-012,Warning,_:n4785bf3c3deb4c2cbcfdd9683d857692b3,sh:MinCountConstraintComponent,leco:withinJurisdiction,"No se ha identificado una jurisdicción para este acto. Es una laguna de completitud, no un error estructural.",4
cab-001-016,Warning,https://w3id.org/leco/shapes/quality#JurisdictionalActParticipantQualityShape,sh:OrConstraintComponent,,No se ha identificado ningún participante del acto. Mantener como incompletitud si la fuente no permite establecerlo.,1
cab-001-016,Warning,_:n676b4be72eae4ed4a35644b51ab07642b3,sh:MinCountConstraintComponent,leco:withinJurisdiction,"No se ha identificado una jurisdicción para este acto. Es una laguna de completitud, no un error estructural.",6
cab-001-018,Warning,https://w3id.org/leco/shapes/quality#JurisdictionalActParticipantQualityShape,sh:OrConstraintComponent,,No se ha identificado ningún participante del acto. Mantener como incompletitud si la fuente no permite establecerlo.,2
cab-001-018,Warning,_:n5cce02aa6afc46c59aed88437bb395f1b11,sh:MinCountConstraintComponent,leco:createsRepresentation,El otorgamiento de poder no está enlazado todavía con una relación de representación.,1
cab-001-018,Warning,_:n5cce02aa6afc46c59aed88437bb395f1b8,sh:MinCountConstraintComponent,leco:decidedBy,No se ha identificado quién decidió esta decisión jurídica.,1
cab-001-018,Warning,_:n5cce02aa6afc46c59aed88437bb395f1b3,sh:MinCountConstraintComponent,leco:sanctions,No se ha identificado el actor sancionado.,1
cab-001-018,Warning,_:n5cce02aa6afc46c59aed88437bb395f1b5,sh:MinCountConstraintComponent,leco:withinJurisdiction,"No se ha identificado una jurisdicción para este acto. Es una laguna de completitud, no un error estructural.",3
cab-001-019,Warning,https://w3id.org/leco/shapes/quality#JurisdictionalActParticipantQualityShape,sh:OrConstraintComponent,,No se ha identificado ningún participante del acto. Mantener como incompletitud si la fuente no permite establecerlo.,2
cab-001-019,Warning,_:n5ecc1d48a28e486e9b29d06f520db6e2b10,sh:MinCountConstraintComponent,leco:appealsAgainst,No se ha identificado la decisión apelada.,1
cab-001-019,Warning,_:n5ecc1d48a28e486e9b29d06f520db6e2b3,sh:MinCountConstraintComponent,leco:beforeAuthority,No se ha identificado la autoridad ante la cual se presenta la apelación.,1
cab-001-019,Warning,_:n5ecc1d48a28e486e9b29d06f520db6e2b12,sh:MinCountConstraintComponent,leco:createsRepresentation,El otorgamiento de poder no está enlazado todavía con una relación de representación.,1
cab-001-019,Warning,_:n5ecc1d48a28e486e9b29d06f520db6e2b5,sh:MinCountConstraintComponent,leco:decidedBy,No se ha identificado quién decidió esta decisión jurídica.,1
cab-001-019,Warning,_:n5ecc1d48a28e486e9b29d06f520db6e2b16,sh:MinCountConstraintComponent,leco:sanctions,No se ha identificado el actor sancionado.,1
cab-001-019,Warning,_:n5ecc1d48a28e486e9b29d06f520db6e2b7,sh:MinCountConstraintComponent,leco:withinJurisdiction,"No se ha identificado una jurisdicción para este acto. Es una laguna de completitud, no un error estructural.",5
cab-001-038,Warning,https://w3id.org/leco/shapes/quality#JurisdictionalActParticipantQualityShape,sh:OrConstraintComponent,,No se ha identificado ningún participante del acto. Mantener como incompletitud si la fuente no permite establecerlo.,4
cab-001-038,Warning,_:n694ff18bfe6e485a946a5172a7273c1ab11,sh:MinCountConstraintComponent,leco:createsRepresentation,El otorgamiento de poder no está enlazado todavía con una relación de representación.,1
cab-001-038,Warning,_:n694ff18bfe6e485a946a5172a7273c1ab19,sh:MinCountConstraintComponent,leco:decidedBy,No se ha identificado quién decidió esta decisión jurídica.,1
cab-001-038,Warning,_:n694ff18bfe6e485a946a5172a7273c1ab14,sh:MinCountConstraintComponent,leco:sanctions,No se ha identificado el actor sancionado.,1
cab-001-038,Warning,_:n694ff18bfe6e485a946a5172a7273c1ab4,sh:MinCountConstraintComponent,leco:withinJurisdiction,"No se ha identificado una jurisdicción para este acto. Es una laguna de completitud, no un error estructural.",9
cab-001-039,Warning,_:nc2cabffc1f4c4e7499a16b29a6e7fac1b3,sh:MinCountConstraintComponent,leco:withinJurisdiction,"No se ha identificado una jurisdicción para este acto. Es una laguna de completitud, no un error estructural.",7
cab-001-040,Warning,https://w3id.org/leco/shapes/quality#JurisdictionalActParticipantQualityShape,sh:OrConstraintComponent,,No se ha identificado ningún participante del acto. Mantener como incompletitud si la fuente no permite establecerlo.,1
cab-001-040,Warning,_:n75f5accee2e345ed9cae7b287369b300b5,sh:MinCountConstraintComponent,leco:createsRepresentation,El otorgamiento de poder no está enlazado todavía con una relación de representación.,1
cab-001-040,Warning,_:n75f5accee2e345ed9cae7b287369b300b3,sh:MinCountConstraintComponent,leco:withinJurisdiction,"No se ha identificado una jurisdicción para este acto. Es una laguna de completitud, no un error estructural.",2
cab-001-042,Warning,https://w3id.org/leco/shapes/quality#JurisdictionalActParticipantQualityShape,sh:OrConstraintComponent,,No se ha identificado ningún participante del acto. Mantener como incompletitud si la fuente no permite establecerlo.,2
cab-001-042,Warning,_:ned01f964cb424e27955eb41cd1f01591b11,sh:MinCountConstraintComponent,leco:decidedBy,No se ha identificado quién decidió esta decisión jurídica.,1
cab-001-042,Warning,_:ned01f964cb424e27955eb41cd1f01591b5,sh:MinCountConstraintComponent,leco:sanctions,No se ha identificado el actor sancionado.,1
cab-001-042,Warning,_:ned01f964cb424e27955eb41cd1f01591b3,sh:MinCountConstraintComponent,leco:withinJurisdiction,"No se ha identificado una jurisdicción para este acto. Es una laguna de completitud, no un error estructural.",5
cab-001-046,Warning,https://w3id.org/leco/shapes/quality#JurisdictionalActParticipantQualityShape,sh:OrConstraintComponent,,No se ha identificado ningún participante del acto. Mantener como incompletitud si la fuente no permite establecerlo.,1
cab-001-046,Warning,_:n237a4f9018664df284564975569b7467b5,sh:MinCountConstraintComponent,leco:conceptUseJurisdiction,El uso del concepto histórico no tiene todavía contexto jurisdiccional identificado.,1
cab-001-046,Warning,_:n237a4f9018664df284564975569b7467b3,sh:MinCountConstraintComponent,leco:withinJurisdiction,"No se ha identificado una jurisdicción para este acto. Es una laguna de completitud, no un error estructural.",3
cab-001-055,Warning,https://w3id.org/leco/shapes/quality#JurisdictionalActParticipantQualityShape,sh:OrConstraintComponent,,No se ha identificado ningún participante del acto. Mantener como incompletitud si la fuente no permite establecerlo.,1
cab-001-055,Warning,_:n4d1826e6ca6b43c99f9559e49d230a65b4,sh:MinCountConstraintComponent,leco:withinJurisdiction,"No se ha identificado una jurisdicción para este acto. Es una laguna de completitud, no un error estructural.",5
cab-001-056,Warning,_:n27c138798c7944e4a2e0b0d4e4602644b3,sh:MinCountConstraintComponent,leco:sanctions,No se ha identificado el actor sancionado.,1
